<?xml version = '1.0' encoding = 'UTF-8'?>
<Table class="oracle.dbtools.crest.model.design.relational.Table" directorySegmentName="seg_0" id="9F9F6163-95D9-E25C-2579-9B0FF91467EE" name="Asada">
<createdBy>ramir</createdBy>
<createdTime>2018-08-19 03:56:26 UTC</createdTime>
<ownerDesignName>dataModel</ownerDesignName>
<ordsAlias>table_8</ordsAlias>
<allowColumnReorder>false</allowColumnReorder>
<existDependencyGenerateInDDl>true</existDependencyGenerateInDDl>
<parsed>true</parsed>
<columns itemClass="oracle.dbtools.crest.model.design.relational.Column">
<Column name="Codigo" id="1967EFB1-DFB1-4CA7-6857-5779091C354D">
<createdBy>ramir</createdBy>
<createdTime>2018-08-19 03:56:46 UTC</createdTime>
<ownerDesignName>dataModel</ownerDesignName>
<useDomainConstraints>false</useDomainConstraints>
<use>1</use>
<logicalDatatype>LOGDT011</logicalDatatype>
<ownDataTypeParameters>,,</ownDataTypeParameters>
<autoIncrementCycle>false</autoIncrementCycle>
</Column>
<Column name="Nombre" id="C705F203-A79E-E550-E295-9CAA5FB3EB26">
<createdBy>ramir</createdBy>
<createdTime>2018-08-19 03:58:13 UTC</createdTime>
<ownerDesignName>dataModel</ownerDesignName>
<nullsAllowed>true</nullsAllowed>
<useDomainConstraints>false</useDomainConstraints>
<use>1</use>
<logicalDatatype>LOGDT024</logicalDatatype>
<dataTypeSize>150</dataTypeSize>
<ownDataTypeParameters>150,,</ownDataTypeParameters>
<autoIncrementCycle>false</autoIncrementCycle>
</Column>
<Column name="DISTRITO_ID" id="38D8D23E-2ECF-E0A8-675A-252BB09A348B">
<createdBy>ramir</createdBy>
<createdTime>2018-08-19 03:58:27 UTC</createdTime>
<ownerDesignName>dataModel</ownerDesignName>
<useDomainConstraints>false</useDomainConstraints>
<use>1</use>
<logicalDatatype>LOGDT011</logicalDatatype>
<ownDataTypeParameters>,,</ownDataTypeParameters>
<previousColumn>false</previousColumn>
<autoIncrementCycle>false</autoIncrementCycle>
<associations>
<colAssociation fkAssociation="E396E6B9-C713-FF13-6410-FFAB7786D39C" referredColumn="E61D48CA-7606-1CB9-EBD2-17FC421CB967"/>
</associations>
</Column>
<Column name="DISTRITO_CANTON_ID" id="0FDD8CB6-293A-8C3E-65D3-996098955E8E">
<createdBy>ramir</createdBy>
<createdTime>2018-08-19 03:58:27 UTC</createdTime>
<ownerDesignName>dataModel</ownerDesignName>
<useDomainConstraints>false</useDomainConstraints>
<use>1</use>
<logicalDatatype>LOGDT011</logicalDatatype>
<ownDataTypeParameters>,,</ownDataTypeParameters>
<previousColumn>false</previousColumn>
<autoIncrementCycle>false</autoIncrementCycle>
<associations>
<colAssociation fkAssociation="E396E6B9-C713-FF13-6410-FFAB7786D39C" referredColumn="A513301E-111F-1AB7-190E-7C5DFD25566C"/>
</associations>
</Column>
<Column name="DISTRITO_CANTON_PROVINCIA_ID" id="AF9A23BA-0E7C-4067-70F4-DDEE2630ADA1">
<createdBy>ramir</createdBy>
<createdTime>2018-08-19 03:58:27 UTC</createdTime>
<ownerDesignName>dataModel</ownerDesignName>
<useDomainConstraints>false</useDomainConstraints>
<use>1</use>
<logicalDatatype>LOGDT011</logicalDatatype>
<ownDataTypeParameters>,,</ownDataTypeParameters>
<previousColumn>false</previousColumn>
<autoIncrementCycle>false</autoIncrementCycle>
<associations>
<colAssociation fkAssociation="E396E6B9-C713-FF13-6410-FFAB7786D39C" referredColumn="58DFF6F3-8A6D-A7E5-C233-B937BC35AC74"/>
</associations>
</Column>
</columns>
<indexes itemClass="oracle.dbtools.crest.model.design.relational.Index">
<ind_PK_UK id="7FD2D4AB-ED8D-752C-AD3F-6BC1C7E27646" name="Asada_PK">
<createdBy>ramir</createdBy>
<createdTime>2018-08-19 03:56:46 UTC</createdTime>
<ownerDesignName>dataModel</ownerDesignName>
<pk>true</pk>
<indexState>Primary Constraint</indexState>
<isSurrogateKey>false</isSurrogateKey>
<indexColumnUsage>
<colUsage columnID="1967EFB1-DFB1-4CA7-6857-5779091C354D"/>
</indexColumnUsage>
</ind_PK_UK>
<ind_PK_UK id="09369F70-014E-463A-031C-BB0178BF6581" name="Asada_DISTRITO_FK">
<createdBy>ramir</createdBy>
<createdTime>2018-08-19 03:58:27 UTC</createdTime>
<ownerDesignName>dataModel</ownerDesignName>
<indexState>Foreign Key</indexState>
<isSurrogateKey>false</isSurrogateKey>
<indexColumnUsage>
<colUsage columnID="38D8D23E-2ECF-E0A8-675A-252BB09A348B"/>
<colUsage columnID="0FDD8CB6-293A-8C3E-65D3-996098955E8E"/>
<colUsage columnID="AF9A23BA-0E7C-4067-70F4-DDEE2630ADA1"/>
</indexColumnUsage>
</ind_PK_UK>
</indexes>
</Table>