<?xml version = '1.0' encoding = 'UTF-8'?>
<Table class="oracle.dbtools.crest.model.design.relational.Table" directorySegmentName="seg_0" id="AE95F949-1DEF-702C-4112-4C5839690873" name="Medida">
<createdBy>ramir</createdBy>
<createdTime>2018-08-18 03:50:58 UTC</createdTime>
<ownerDesignName>dataModel</ownerDesignName>
<ordsAlias>table_8</ordsAlias>
<allowColumnReorder>false</allowColumnReorder>
<existDependencyGenerateInDDl>true</existDependencyGenerateInDDl>
<parsed>true</parsed>
<columns itemClass="oracle.dbtools.crest.model.design.relational.Column">
<Column name="ID" id="063DDD7C-BC38-6CC0-7A7A-CD27B34C2466">
<createdBy>ramir</createdBy>
<createdTime>2018-08-18 03:51:35 UTC</createdTime>
<ownerDesignName>dataModel</ownerDesignName>
<useDomainConstraints>false</useDomainConstraints>
<use>1</use>
<logicalDatatype>LOGDT011</logicalDatatype>
<ownDataTypeParameters>,,</ownDataTypeParameters>
<autoIncrementColumn>true</autoIncrementColumn>
<identityColumn>true</identityColumn>
<autoIncrementCycle>false</autoIncrementCycle>
</Column>
<Column name="Nombre" id="A6A53229-9D40-8CAF-DB50-7B6A22DC7455">
<createdBy>ramir</createdBy>
<createdTime>2018-08-18 03:52:10 UTC</createdTime>
<ownerDesignName>dataModel</ownerDesignName>
<nullsAllowed>true</nullsAllowed>
<useDomainConstraints>false</useDomainConstraints>
<use>1</use>
<logicalDatatype>LOGDT024</logicalDatatype>
<dataTypeSize>50</dataTypeSize>
<ownDataTypeParameters>50,,</ownDataTypeParameters>
<autoIncrementCycle>false</autoIncrementCycle>
</Column>
</columns>
<indexes itemClass="oracle.dbtools.crest.model.design.relational.Index">
<ind_PK_UK id="107F4213-212E-3BDE-CFEB-999BFE85B87B" name="MEDIDA_PK">
<createdBy>ramir</createdBy>
<createdTime>2018-08-18 03:53:50 UTC</createdTime>
<ownerDesignName>dataModel</ownerDesignName>
<pk>true</pk>
<indexState>Primary Constraint</indexState>
<isSurrogateKey>false</isSurrogateKey>
<indexColumnUsage>
<colUsage columnID="063DDD7C-BC38-6CC0-7A7A-CD27B34C2466"/>
</indexColumnUsage>
</ind_PK_UK>
</indexes>
</Table>