A,B,C,D,E
2018,1,5014B,1,1
2018,2,5014B,0,0
2018,3,5014B,1,1
2018,4,5014B,1,1
2018,5,5014B,0.991,0.991
2018,6,5014B,0.407,0.407
2018,7,5014B,1,1
2018,8,5014B,0.33,0.33
2018,9,5014B,0.996,0.996
2018,10,5014B,0.275,0.275
2018,11,5014B,1,1
2018,12,5014B,1,1
2018,13,5014B,1,1
2018,14,5014B,0.54,0.54
2018,15,5014B,1,1
2018,16,5014B,1,1
2018,17,5014B,0,0
2018,18,5014B,1,1
2018,19,5014B,0,0
2018,20,5014B,1,1
2018,21,5014B,1,1
2018,22,5014B,0.014,0.014
2018,23,5014B,0.986,0.986
2018,24,5014B,0.24,0.24
2018,25,5014B,1,1
2018,26,5014B,1,1
2018,27,5014B,1,1
2018,28,5014B,1,1
2018,29,5014B,1,1
2018,30,5014B,1,1
2018,1,5014F,0,0
2018,2,5014F,0,0
2018,3,5014F,1,1
2018,4,5014F,1,1
2018,5,5014F,0.991,0.991
2018,6,5014F,0.407,0.407
2018,7,5014F,1,1
2018,8,5014F,0.33,0.33
2018,9,5014F,0.996,0.996
2018,10,5014F,0.275,0.275
2018,11,5014F,1,1
2018,12,5014F,1,1
2018,13,5014F,1,1
2018,14,5014F,0.055,0.055
2018,15,5014F,1,1
2018,16,5014F,1,1
2018,17,5014F,1,1
2018,18,5014F,1,1
2018,19,5014F,1,1
2018,20,5014F,1,1
2018,21,5014F,1,1
2018,22,5014F,0.945,0.945
2018,23,5014F,0.986,0.986
2018,24,5014F,0.24,0.24
2018,25,5014F,1,1
2018,26,5014F,1,1
2018,27,5014F,1,1
2018,28,5014F,1,1
2018,29,5014F,1,1
2018,30,5014F,1,1
2018,1,5042B,0,0
2018,2,5042B,0,0
2018,3,5042B,0,0
2018,4,5042B,1,1
2018,5,5042B,0.991,0.991
2018,6,5042B,0.407,0.407
2018,7,5042B,1,1
2018,8,5042B,0.33,0.33
2018,9,5042B,0.996,0.996
2018,10,5042B,0.275,0.275
2018,11,5042B,0,0
2018,12,5042B,0,0
2018,13,5042B,1,1
2018,14,5042B,0.006,0.006
2018,15,5042B,1,1
2018,16,5042B,1,1
2018,17,5042B,0,0
2018,18,5042B,1,1
2018,19,5042B,0,0
2018,20,5042B,1,1
2018,21,5042B,1,1
2018,22,5042B,0.014,0.014
2018,23,5042B,0.986,0.986
2018,24,5042B,0.28,0.28
2018,25,5042B,1,1
2018,26,5042B,1,1
2018,27,5042B,1,1
2018,28,5042B,1,1
2018,29,5042B,1,1
2018,30,5042B,1,1
2018,1,5042C,0,0
2018,2,5042C,0,0
2018,3,5042C,1,1
2018,4,5042C,1,1
2018,5,5042C,0.991,0.991
2018,6,5042C,0.407,0.407
2018,7,5042C,1,1
2018,8,5042C,0.33,0.33
2018,9,5042C,0.996,0.996
2018,10,5042C,0.275,0.275
2018,11,5042C,1,1
2018,12,5042C,0,0
2018,13,5042C,1,1
2018,14,5042C,0.018,0.018
2018,15,5042C,1,1
2018,16,5042C,1,1
2018,17,5042C,1,1
2018,18,5042C,1,1
2018,19,5042C,1,1
2018,20,5042C,1,1
2018,21,5042C,1,1
2018,22,5042C,0.055,0.055
2018,23,5042C,0.986,0.986
2018,24,5042C,0.28,0.28
2018,25,5042C,1,1
2018,26,5042C,1,1
2018,27,5042C,1,1
2018,28,5042C,1,1
2018,29,5042C,1,1
2018,30,5042C,1,1
2018,1,5042D,0,0
2018,2,5042D,0,0
2018,3,5042D,1,1
2018,4,5042D,1,1
2018,5,5042D,0.991,0.991
2018,6,5042D,0.407,0.407
2018,7,5042D,1,1
2018,8,5042D,0.33,0.33
2018,9,5042D,0.996,0.996
2018,10,5042D,0.275,0.275
2018,11,5042D,1,1
2018,12,5042D,1,1
2018,13,5042D,1,1
2018,14,5042D,0,0
2018,15,5042D,1,1
2018,16,5042D,1,1
2018,17,5042D,1,1
2018,18,5042D,1,1
2018,19,5042D,0,0
2018,20,5042D,1,1
2018,21,5042D,1,1
2018,22,5042D,0.055,0.055
2018,23,5042D,0.986,0.986
2018,24,5042D,0.28,0.28
2018,25,5042D,1,1
2018,26,5042D,1,1
2018,27,5042D,1,1
2018,28,5042D,1,1
2018,29,5042D,1,1
2018,30,5042D,1,1
2018,1,5043A,0,0
2018,2,5043A,1,1
2018,3,5043A,0,0
2018,4,5043A,1,1
2018,5,5043A,0.991,0.991
2018,6,5043A,0.407,0.407
2018,7,5043A,1,1
2018,8,5043A,0.33,0.33
2018,9,5043A,0.996,0.996
2018,10,5043A,0.275,0.275
2018,11,5043A,1,1
2018,12,5043A,1,1
2018,13,5043A,0,0
2018,14,5043A,0.002,0.002
2018,15,5043A,1,1
2018,16,5043A,1,1
2018,17,5043A,0,0
2018,18,5043A,1,1
2018,19,5043A,0,0
2018,20,5043A,1,1
2018,21,5043A,1,1
2018,22,5043A,0.055,0.055
2018,23,5043A,0.986,0.986
2018,24,5043A,0.231,0.231
2018,25,5043A,1,1
2018,26,5043A,1,1
2018,27,5043A,1,1
2018,28,5043A,1,1
2018,29,5043A,1,1
2018,30,5043A,1,1
2018,1,5043B,0,0
2018,2,5043B,0,0
2018,3,5043B,1,1
2018,4,5043B,1,1
2018,5,5043B,0.991,0.991
2018,6,5043B,0.407,0.407
2018,7,5043B,1,1
2018,8,5043B,0.33,0.33
2018,9,5043B,0.996,0.996
2018,10,5043B,0.275,0.275
2018,11,5043B,1,1
2018,12,5043B,1,1
2018,13,5043B,1,1
2018,14,5043B,0.055,0.055
2018,15,5043B,1,1
2018,16,5043B,1,1
2018,17,5043B,1,1
2018,18,5043B,1,1
2018,19,5043B,0,0
2018,20,5043B,1,1
2018,21,5043B,1,1
2018,22,5043B,0.014,0.014
2018,23,5043B,0.986,0.986
2018,24,5043B,0.231,0.231
2018,25,5043B,1,1
2018,26,5043B,1,1
2018,27,5043B,1,1
2018,28,5043B,1,1
2018,29,5043B,1,1
2018,30,5043B,1,1
2018,1,5043D,0,0
2018,2,5043D,0,0
2018,3,5043D,1,1
2018,4,5043D,1,1
2018,5,5043D,0.991,0.991
2018,6,5043D,0.407,0.407
2018,7,5043D,1,1
2018,8,5043D,0.33,0.33
2018,9,5043D,0.996,0.996
2018,10,5043D,0.275,0.275
2018,11,5043D,1,1
2018,12,5043D,1,1
2018,13,5043D,1,1
2018,14,5043D,0.003,0.003
2018,15,5043D,1,1
2018,16,5043D,1,1
2018,17,5043D,1,1
2018,18,5043D,1,1
2018,19,5043D,0,0
2018,20,5043D,1,1
2018,21,5043D,1,1
2018,22,5043D,0.055,0.055
2018,23,5043D,0.986,0.986
2018,24,5043D,0.231,0.231
2018,25,5043D,1,1
2018,26,5043D,1,1
2018,27,5043D,1,1
2018,28,5043D,1,1
2018,29,5043D,1,1
2018,30,5043D,1,1
2018,1,5043E,0,0
2018,2,5043E,0,0
2018,3,5043E,1,1
2018,4,5043E,1,1
2018,5,5043E,0.991,0.991
2018,6,5043E,0.407,0.407
2018,7,5043E,1,1
2018,8,5043E,0.33,0.33
2018,9,5043E,0.996,0.996
2018,10,5043E,0.275,0.275
2018,11,5043E,1,1
2018,12,5043E,1,1
2018,13,5043E,1,1
2018,14,5043E,0.072,0.072
2018,15,5043E,1,1
2018,16,5043E,1,1
2018,17,5043E,0,0
2018,18,5043E,1,1
2018,19,5043E,1,1
2018,20,5043E,1,1
2018,21,5043E,1,1
2018,22,5043E,0.945,0.945
2018,23,5043E,0.986,0.986
2018,24,5043E,0.231,0.231
2018,25,5043E,1,1
2018,26,5043E,1,1
2018,27,5043E,1,1
2018,28,5043E,1,1
2018,29,5043E,1,1
2018,30,5043E,1,1
2018,1,5065A,0,0
2018,2,5065A,0,0
2018,3,5065A,1,1
2018,4,5065A,1,1
2018,5,5065A,0.991,0.991
2018,6,5065A,0.094,0.094
2018,7,5065A,1,1
2018,8,5065A,0.33,0.33
2018,9,5065A,0.493,0.493
2018,10,5065A,0.018,0.018
2018,11,5065A,1,1
2018,12,5065A,1,1
2018,13,5065A,1,1
2018,14,5065A,0.017,0.017
2018,15,5065A,1,1
2018,16,5065A,1,1
2018,17,5065A,0,0
2018,18,5065A,1,1
2018,19,5065A,0,0
2018,20,5065A,1,1
2018,21,5065A,1,1
2018,22,5065A,0.014,0.014
2018,23,5065A,0.986,0.986
2018,24,5065A,0.961,0.961
2018,25,5065A,1,1
2018,26,5065A,1,1
2018,27,5065A,1,1
2018,28,5065A,1,1
2018,29,5065A,1,1
2018,30,5065A,1,1
2018,1,5081A,0,0
2018,2,5081A,0,0
2018,3,5081A,1,1
2018,4,5081A,1,1
2018,5,5081A,0.991,0.991
2018,6,5081A,0.086,0.086
2018,7,5081A,0,0
2018,8,5081A,0.33,0.33
2018,9,5081A,0.94,0.94
2018,10,5081A,0.317,0.317
2018,11,5081A,1,1
2018,12,5081A,0,0
2018,13,5081A,1,1
2018,14,5081A,0.094,0.094
2018,15,5081A,1,1
2018,16,5081A,1,1
2018,17,5081A,1,1
2018,18,5081A,1,1
2018,19,5081A,0,0
2018,20,5081A,1,1
2018,21,5081A,1,1
2018,22,5081A,0.055,0.055
2018,23,5081A,0.986,0.986
2018,24,5081A,0.02,0.02
2018,25,5081A,0,0
2018,26,5081A,1,1
2018,27,5081A,1,1
2018,28,5081A,1,1
2018,29,5081A,1,1
2018,30,5081A,1,1
2018,1,5082C,0,0
2018,2,5082C,0,0
2018,3,5082C,0,0
2018,4,5082C,1,1
2018,5,5082C,0.991,0.991
2018,6,5082C,0.086,0.086
2018,7,5082C,0,0
2018,8,5082C,0.33,0.33
2018,9,5082C,0.94,0.94
2018,10,5082C,0.317,0.317
2018,11,5082C,0,0
2018,12,5082C,1,1
2018,13,5082C,1,1
2018,14,5082C,0.5,0.5
2018,15,5082C,1,1
2018,16,5082C,1,1
2018,17,5082C,1,1
2018,18,5082C,1,1
2018,19,5082C,0,0
2018,20,5082C,1,1
2018,21,5082C,1,1
2018,22,5082C,0.014,0.014
2018,23,5082C,0.986,0.986
2018,24,5082C,0.404,0.404
2018,25,5082C,0,0
2018,26,5082C,1,1
2018,27,5082C,1,1
2018,28,5082C,1,1
2018,29,5082C,1,1
2018,30,5082C,1,1
2018,1,5082D,0,0
2018,2,5082D,0,0
2018,3,5082D,1,1
2018,4,5082D,1,1
2018,5,5082D,0.991,0.991
2018,6,5082D,0.086,0.086
2018,7,5082D,0,0
2018,8,5082D,0.33,0.33
2018,9,5082D,0.94,0.94
2018,10,5082D,0.317,0.317
2018,11,5082D,1,1
2018,12,5082D,1,1
2018,13,5082D,1,1
2018,14,5082D,0.846,0.846
2018,15,5082D,1,1
2018,16,5082D,1,1
2018,17,5082D,1,1
2018,18,5082D,1,1
2018,19,5082D,0,0
2018,20,5082D,1,1
2018,21,5082D,1,1
2018,22,5082D,0.055,0.055
2018,23,5082D,0.986,0.986
2018,24,5082D,0.404,0.404
2018,25,5082D,0,0
2018,26,5082D,1,1
2018,27,5082D,1,1
2018,28,5082D,1,1
2018,29,5082D,1,1
2018,30,5082D,1,1
2018,1,5085C,0,0
2018,2,5085C,0,0
2018,3,5085C,1,1
2018,4,5085C,1,1
2018,5,5085C,0.991,0.991
2018,6,5085C,0.086,0.086
2018,7,5085C,0,0
2018,8,5085C,0.33,0.33
2018,9,5085C,0.94,0.94
2018,10,5085C,0.317,0.317
2018,11,5085C,1,1
2018,12,5085C,1,1
2018,13,5085C,1,1
2018,14,5085C,0.945,0.945
2018,15,5085C,1,1
2018,16,5085C,1,1
2018,17,5085C,1,1
2018,18,5085C,1,1
2018,19,5085C,0,0
2018,20,5085C,1,1
2018,21,5085C,1,1
2018,22,5085C,0.014,0.014
2018,23,5085C,0.986,0.986
2018,24,5085C,0.438,0.438
2018,25,5085C,0,0
2018,26,5085C,1,1
2018,27,5085C,1,1
2018,28,5085C,1,1
2018,29,5085C,1,1
2018,30,5085C,1,1
2018,1,5085D,0,0
2018,2,5085D,1,1
2018,3,5085D,1,1
2018,4,5085D,1,1
2018,5,5085D,0.991,0.991
2018,6,5085D,0.086,0.086
2018,7,5085D,0,0
2018,8,5085D,0.33,0.33
2018,9,5085D,0.94,0.94
2018,10,5085D,0.317,0.317
2018,11,5085D,1,1
2018,12,5085D,0,0
2018,13,5085D,1,1
2018,14,5085D,0.43,0.43
2018,15,5085D,1,1
2018,16,5085D,1,1
2018,17,5085D,1,1
2018,18,5085D,1,1
2018,19,5085D,0,0
2018,20,5085D,1,1
2018,21,5085D,1,1
2018,22,5085D,0.014,0.014
2018,23,5085D,0.986,0.986
2018,24,5085D,0.438,0.438
2018,25,5085D,0,0
2018,26,5085D,1,1
2018,27,5085D,1,1
2018,28,5085D,1,1
2018,29,5085D,1,1
2018,30,5085D,1,1
2018,1,5082E,0,0
2018,2,5082E,0,0
2018,3,5082E,1,1
2018,4,5082E,1,1
2018,5,5082E,0.991,0.991
2018,6,5082E,0.086,0.086
2018,7,5082E,0,0
2018,8,5082E,0.33,0.33
2018,9,5082E,0.94,0.94
2018,10,5082E,0.317,0.317
2018,11,5082E,1,1
2018,12,5082E,1,1
2018,13,5082E,1,1
2018,14,5082E,0.968,0.968
2018,15,5082E,1,1
2018,16,5082E,1,1
2018,17,5082E,1,1
2018,18,5082E,1,1
2018,19,5082E,1,1
2018,20,5082E,1,1
2018,21,5082E,1,1
2018,22,5082E,0.055,0.055
2018,23,5082E,0.986,0.986
2018,24,5082E,0.404,0.404
2018,25,5082E,0,0
2018,26,5082E,1,1
2018,27,5082E,1,1
2018,28,5082E,1,1
2018,29,5082E,1,1
2018,30,5082E,1,1
2018,1,5086A,0,0
2018,2,5086A,0,0
2018,3,5086A,1,1
2018,4,5086A,1,1
2018,5,5086A,0.991,0.991
2018,6,5086A,0.086,0.086
2018,7,5086A,0,0
2018,8,5086A,0.33,0.33
2018,9,5086A,0.94,0.94
2018,10,5086A,0.317,0.317
2018,11,5086A,0,0
2018,12,5086A,0,0
2018,13,5086A,1,1
2018,14,5086A,0.042,0.042
2018,15,5086A,1,1
2018,16,5086A,1,1
2018,17,5086A,1,1
2018,18,5086A,1,1
2018,19,5086A,0,0
2018,20,5086A,1,1
2018,21,5086A,1,1
2018,22,5086A,0.945,0.945
2018,23,5086A,0.986,0.986
2018,24,5086A,0.19,0.19
2018,25,5086A,0,0
2018,26,5086A,1,1
2018,27,5086A,1,1
2018,28,5086A,1,1
2018,29,5086A,1,1
2018,30,5086A,1,1
2018,1,5086B,0,0
2018,2,5086B,0,0
2018,3,5086B,1,1
2018,4,5086B,1,1
2018,5,5086B,0.991,0.991
2018,6,5086B,0.086,0.086
2018,7,5086B,0,0
2018,8,5086B,0.33,0.33
2018,9,5086B,0.94,0.94
2018,10,5086B,0.317,0.317
2018,11,5086B,1,1
2018,12,5086B,0,0
2018,13,5086B,1,1
2018,14,5086B,0.986,0.986
2018,15,5086B,1,1
2018,16,5086B,1,1
2018,17,5086B,1,1
2018,18,5086B,1,1
2018,19,5086B,0,0
2018,20,5086B,1,1
2018,21,5086B,0,0
2018,22,5086B,0.055,0.055
2018,23,5086B,0.986,0.986
2018,24,5086B,0.19,0.19
2018,25,5086B,0,0
2018,26,5086B,1,1
2018,27,5086B,1,1
2018,28,5086B,1,1
2018,29,5086B,1,1
2018,30,5086B,1,1
2018,1,5086C,0,0
2018,2,5086C,0,0
2018,3,5086C,1,1
2018,4,5086C,1,1
2018,5,5086C,0.991,0.991
2018,6,5086C,0.086,0.086
2018,7,5086C,0,0
2018,8,5086C,0.33,0.33
2018,9,5086C,0.94,0.94
2018,10,5086C,0.317,0.317
2018,11,5086C,1,1
2018,12,5086C,0,0
2018,13,5086C,1,1
2018,14,5086C,0.024,0.024
2018,15,5086C,1,1
2018,16,5086C,1,1
2018,17,5086C,1,1
2018,18,5086C,1,1
2018,19,5086C,0,0
2018,20,5086C,1,1
2018,21,5086C,1,1
2018,22,5086C,0.014,0.014
2018,23,5086C,0.986,0.986
2018,24,5086C,0.19,0.19
2018,25,5086C,0,0
2018,26,5086C,1,1
2018,27,5086C,1,1
2018,28,5086C,1,1
2018,29,5086C,1,1
2018,30,5086C,1,1
2018,1,5083C,0,0
2018,2,5083C,0,0
2018,3,5083C,1,1
2018,4,5083C,1,1
2018,5,5083C,0.991,0.991
2018,6,5083C,0.086,0.086
2018,7,5083C,0,0
2018,8,5083C,0.33,0.33
2018,9,5083C,0.94,0.94
2018,10,5083C,0.317,0.317
2018,11,5083C,1,1
2018,12,5083C,0,0
2018,13,5083C,1,1
2018,14,5083C,0.5,0.5
2018,15,5083C,1,1
2018,16,5083C,1,1
2018,17,5083C,1,1
2018,18,5083C,1,1
2018,19,5083C,0,0
2018,20,5083C,1,1
2018,21,5083C,1,1
2018,22,5083C,0.055,0.055
2018,23,5083C,0.986,0.986
2018,24,5083C,0.092,0.092
2018,25,5083C,1,1
2018,26,5083C,1,1
2018,27,5083C,1,1
2018,28,5083C,1,1
2018,29,5083C,1,1
2018,30,5083C,1,1
2018,1,5082F,0,0
2018,2,5082F,1,1
2018,3,5082F,1,1
2018,4,5082F,1,1
2018,5,5082F,0.991,0.991
2018,6,5082F,0.086,0.086
2018,7,5082F,0,0
2018,8,5082F,0.33,0.33
2018,9,5082F,0.94,0.94
2018,10,5082F,0.317,0.317
2018,11,5082F,1,1
2018,12,5082F,1,1
2018,13,5082F,1,1
2018,14,5082F,0.121,0.121
2018,15,5082F,1,1
2018,16,5082F,1,1
2018,17,5082F,1,1
2018,18,5082F,1,1
2018,19,5082F,0,0
2018,20,5082F,1,1
2018,21,5082F,1,1
2018,22,5082F,0.945,0.945
2018,23,5082F,0.986,0.986
2018,24,5082F,0.404,0.404
2018,25,5082F,0,0
2018,26,5082F,1,1
2018,27,5082F,1,1
2018,28,5082F,1,1
2018,29,5082F,1,1
2018,30,5082F,1,1
2018,1,5082G,0,0
2018,2,5082G,0,0
2018,3,5082G,1,1
2018,4,5082G,1,1
2018,5,5082G,0.991,0.991
2018,6,5082G,0.086,0.086
2018,7,5082G,0,0
2018,8,5082G,0.33,0.33
2018,9,5082G,0.94,0.94
2018,10,5082G,0.317,0.317
2018,11,5082G,1,1
2018,12,5082G,0,0
2018,13,5082G,1,1
2018,14,5082G,0.014,0.014
2018,15,5082G,1,1
2018,16,5082G,1,1
2018,17,5082G,0,0
2018,18,5082G,1,1
2018,19,5082G,1,1
2018,20,5082G,1,1
2018,21,5082G,1,1
2018,22,5082G,0.014,0.014
2018,23,5082G,0.986,0.986
2018,24,5082G,0.404,0.404
2018,25,5082G,0,0
2018,26,5082G,1,1
2018,27,5082G,1,1
2018,28,5082G,1,1
2018,29,5082G,1,1
2018,30,5082G,1,1
2018,1,20212A,0,0
2018,2,20212A,0,0
2018,3,20212A,1,1
2018,4,20212A,1,1
2018,5,20212A,0.991,0.991
2018,6,20212A,0.035,0.035
2018,7,20212A,1,1
2018,8,20212A,0.5,0.5
2018,9,20212A,0.996,0.996
2018,10,20212A,0.673,0.673
2018,11,20212A,0,0
2018,12,20212A,1,1
2018,13,20212A,1,1
2018,14,20212A,0.638,0.638
2018,15,20212A,1,1
2018,16,20212A,1,1
2018,17,20212A,1,1
2018,18,20212A,1,1
2018,19,20212A,1,1
2018,20,20212A,1,1
2018,21,20212A,1,1
2018,22,20212A,0.055,0.055
2018,23,20212A,0.986,0.986
2018,24,20212A,0.631,0.631
2018,25,20212A,0,0
2018,26,20212A,1,1
2018,27,20212A,1,1
2018,28,20212A,1,1
2018,29,20212A,1,1
2018,30,20212A,1,1
2018,1,5014C,0,0
2018,2,5014C,0,0
2018,3,5014C,1,1
2018,4,5014C,1,1
2018,5,5014C,0.991,0.991
2018,6,5014C,0.407,0.407
2018,7,5014C,1,1
2018,8,5014C,0.33,0.33
2018,9,5014C,0.996,0.996
2018,10,5014C,0.275,0.275
2018,11,5014C,1,1
2018,12,5014C,0,0
2018,13,5014C,1,1
2018,14,5014C,0.121,0.121
2018,15,5014C,1,1
2018,16,5014C,1,1
2018,17,5014C,0,0
2018,18,5014C,1,1
2018,19,5014C,0,0
2018,20,5014C,1,1
2018,21,5014C,1,1
2018,22,5014C,0.014,0.014
2018,23,5014C,0.986,0.986
2018,24,5014C,0.24,0.24
2018,25,5014C,1,1
2018,26,5014C,1,1
2018,27,5014C,1,1
2018,28,5014C,1,1
2018,29,5014C,1,1
2018,30,5014C,1,1
2018,1,5014D,0,0
2018,2,5014D,1,1
2018,3,5014D,1,1
2018,4,5014D,1,1
2018,5,5014D,0.991,0.991
2018,6,5014D,0.407,0.407
2018,7,5014D,1,1
2018,8,5014D,0.33,0.33
2018,9,5014D,0.996,0.996
2018,10,5014D,0.275,0.275
2018,11,5014D,1,1
2018,12,5014D,0,0
2018,13,5014D,1,1
2018,14,5014D,0.995,0.995
2018,15,5014D,1,1
2018,16,5014D,1,1
2018,17,5014D,0,0
2018,18,5014D,1,1
2018,19,5014D,0,0
2018,20,5014D,1,1
2018,21,5014D,1,1
2018,22,5014D,0.055,0.055
2018,23,5014D,0.986,0.986
2018,24,5014D,0.24,0.24
2018,25,5014D,1,1
2018,26,5014D,1,1
2018,27,5014D,1,1
2018,28,5014D,1,1
2018,29,5014D,1,1
2018,30,5014D,1,1
2018,1,5014E,0,0
2018,2,5014E,1,1
2018,3,5014E,1,1
2018,4,5014E,1,1
2018,5,5014E,0.991,0.991
2018,6,5014E,0.407,0.407
2018,7,5014E,1,1
2018,8,5014E,0.33,0.33
2018,9,5014E,0.996,0.996
2018,10,5014E,0.275,0.275
2018,11,5014E,1,1
2018,12,5014E,0,0
2018,13,5014E,1,1
2018,14,5014E,0.028,0.028
2018,15,5014E,1,1
2018,16,5014E,1,1
2018,17,5014E,0,0
2018,18,5014E,1,1
2018,19,5014E,0,0
2018,20,5014E,1,1
2018,21,5014E,1,1
2018,22,5014E,0.945,0.945
2018,23,5014E,0.986,0.986
2018,24,5014E,0.24,0.24
2018,25,5014E,1,1
2018,26,5014E,1,1
2018,27,5014E,1,1
2018,28,5014E,1,1
2018,29,5014E,1,1
2018,30,5014E,1,1
2018,1,5042A,0,0
2018,2,5042A,0,0
2018,3,5042A,1,1
2018,4,5042A,1,1
2018,5,5042A,0.991,0.991
2018,6,5042A,0.407,0.407
2018,7,5042A,1,1
2018,8,5042A,0.33,0.33
2018,9,5042A,0.996,0.996
2018,10,5042A,0.275,0.275
2018,11,5042A,1,1
2018,12,5042A,0,0
2018,13,5042A,1,1
2018,14,5042A,0.018,0.018
2018,15,5042A,1,1
2018,16,5042A,1,1
2018,17,5042A,0,0
2018,18,5042A,1,1
2018,19,5042A,1,1
2018,20,5042A,1,1
2018,21,5042A,1,1
2018,22,5042A,0.014,0.014
2018,23,5042A,0.986,0.986
2018,24,5042A,0.28,0.28
2018,25,5042A,1,1
2018,26,5042A,1,1
2018,27,5042A,1,1
2018,28,5042A,1,1
2018,29,5042A,1,1
2018,30,5042A,1,1
2018,1,5044A,0,0
2018,2,5044A,1,1
2018,3,5044A,1,1
2018,4,5044A,1,1
2018,5,5044A,0.991,0.991
2018,6,5044A,0.407,0.407
2018,7,5044A,1,1
2018,8,5044A,0.33,0.33
2018,9,5044A,0.996,0.996
2018,10,5044A,0.275,0.275
2018,11,5044A,1,1
2018,12,5044A,1,1
2018,13,5044A,1,1
2018,14,5044A,0.003,0.003
2018,15,5044A,1,1
2018,16,5044A,1,1
2018,17,5044A,1,1
2018,18,5044A,1,1
2018,19,5044A,1,1
2018,20,5044A,1,1
2018,21,5044A,1,1
2018,22,5044A,0.014,0.014
2018,23,5044A,0.986,0.986
2018,24,5044A,0.166,0.166
2018,25,5044A,1,1
2018,26,5044A,1,1
2018,27,5044A,1,1
2018,28,5044A,1,1
2018,29,5044A,1,1
2018,30,5044A,1,1
2018,1,5043C,0,0
2018,2,5043C,0,0
2018,3,5043C,1,1
2018,4,5043C,1,1
2018,5,5043C,0.991,0.991
2018,6,5043C,0.407,0.407
2018,7,5043C,1,1
2018,8,5043C,0.33,0.33
2018,9,5043C,0.996,0.996
2018,10,5043C,0.275,0.275
2018,11,5043C,1,1
2018,12,5043C,1,1
2018,13,5043C,1,1
2018,14,5043C,0.055,0.055
2018,15,5043C,1,1
2018,16,5043C,1,1
2018,17,5043C,1,1
2018,18,5043C,1,1
2018,19,5043C,1,1
2018,20,5043C,1,1
2018,21,5043C,1,1
2018,22,5043C,0.014,0.014
2018,23,5043C,0.986,0.986
2018,24,5043C,0.231,0.231
2018,25,5043C,1,1
2018,26,5043C,1,1
2018,27,5043C,1,1
2018,28,5043C,1,1
2018,29,5043C,1,1
2018,30,5043C,1,1
2018,1,5043F,0,0
2018,2,5043F,0,0
2018,3,5043F,1,1
2018,4,5043F,1,1
2018,5,5043F,0.991,0.991
2018,6,5043F,0.407,0.407
2018,7,5043F,1,1
2018,8,5043F,0.33,0.33
2018,9,5043F,0.996,0.996
2018,10,5043F,0.275,0.275
2018,11,5043F,0,0
2018,12,5043F,1,1
2018,13,5043F,1,1
2018,14,5043F,0.032,0.032
2018,15,5043F,1,1
2018,16,5043F,1,1
2018,17,5043F,1,1
2018,18,5043F,1,1
2018,19,5043F,0,0
2018,20,5043F,1,1
2018,21,5043F,1,1
2018,22,5043F,0.014,0.014
2018,23,5043F,0.986,0.986
2018,24,5043F,0.231,0.231
2018,25,5043F,1,1
2018,26,5043F,1,1
2018,27,5043F,1,1
2018,28,5043F,1,1
2018,29,5043F,1,1
2018,30,5043F,1,1
2018,1,5061A,0,0
2018,2,5061A,0,0
2018,3,5061A,1,1
2018,4,5061A,1,1
2018,5,5061A,0.991,0.991
2018,6,5061A,0.094,0.094
2018,7,5061A,1,1
2018,8,5061A,0.33,0.33
2018,9,5061A,0.493,0.493
2018,10,5061A,0.018,0.018
2018,11,5061A,1,1
2018,12,5061A,1,1
2018,13,5061A,1,1
2018,14,5061A,0.014,0.014
2018,15,5061A,1,1
2018,16,5061A,1,1
2018,17,5061A,1,1
2018,18,5061A,1,1
2018,19,5061A,0,0
2018,20,5061A,1,1
2018,21,5061A,1,1
2018,22,5061A,0.055,0.055
2018,23,5061A,0.986,0.986
2018,24,5061A,0.112,0.112
2018,25,5061A,1,1
2018,26,5061A,1,1
2018,27,5061A,1,1
2018,28,5061A,1,1
2018,29,5061A,1,1
2018,30,5061A,1,1
2018,1,5061B,0,0
2018,2,5061B,1,1
2018,3,5061B,1,1
2018,4,5061B,1,1
2018,5,5061B,0.991,0.991
2018,6,5061B,0.094,0.094
2018,7,5061B,1,1
2018,8,5061B,0.5,0.5
2018,9,5061B,0.493,0.493
2018,10,5061B,0.018,0.018
2018,11,5061B,1,1
2018,12,5061B,1,1
2018,13,5061B,1,1
2018,14,5061B,0.5,0.5
2018,15,5061B,1,1
2018,16,5061B,1,1
2018,17,5061B,1,1
2018,18,5061B,1,1
2018,19,5061B,1,1
2018,20,5061B,1,1
2018,21,5061B,1,1
2018,22,5061B,0.945,0.945
2018,23,5061B,0.986,0.986
2018,24,5061B,0.112,0.112
2018,25,5061B,1,1
2018,26,5061B,1,1
2018,27,5061B,1,1
2018,28,5061B,1,1
2018,29,5061B,1,1
2018,30,5061B,1,1
2018,1,5074B,0,0
2018,2,5074B,1,1
2018,3,5074B,1,1
2018,4,5074B,1,1
2018,5,5074B,0.009,0.009
2018,6,5074B,0.051,0.051
2018,7,5074B,0,0
2018,8,5074B,0.33,0.33
2018,9,5074B,0.996,0.996
2018,10,5074B,0.005,0.005
2018,11,5074B,1,1
2018,12,5074B,0,0
2018,13,5074B,0,0
2018,14,5074B,0.011,0.011
2018,15,5074B,1,1
2018,16,5074B,1,1
2018,17,5074B,0,0
2018,18,5074B,1,1
2018,19,5074B,0,0
2018,20,5074B,1,1
2018,21,5074B,1,1
2018,22,5074B,0.014,0.014
2018,23,5074B,0.986,0.986
2018,24,5074B,0.141,0.141
2018,25,5074B,1,1
2018,26,5074B,0,0
2018,27,5074B,1,1
2018,28,5074B,1,1
2018,29,5074B,0,0
2018,30,5074B,1,1
2018,1,5072A,0,0
2018,2,5072A,0,0
2018,3,5072A,1,1
2018,4,5072A,1,1
2018,5,5072A,0.991,0.991
2018,6,5072A,0.051,0.051
2018,7,5072A,0,0
2018,8,5072A,0.33,0.33
2018,9,5072A,0.996,0.996
2018,10,5072A,0.005,0.005
2018,11,5072A,1,1
2018,12,5072A,1,1
2018,13,5072A,1,1
2018,14,5072A,0.003,0.003
2018,15,5072A,1,1
2018,16,5072A,1,1
2018,17,5072A,1,1
2018,18,5072A,1,1
2018,19,5072A,1,1
2018,20,5072A,1,1
2018,21,5072A,1,1
2018,22,5072A,0.014,0.014
2018,23,5072A,0.986,0.986
2018,24,5072A,0.451,0.451
2018,25,5072A,0,0
2018,26,5072A,1,1
2018,27,5072A,1,1
2018,28,5072A,1,1
2018,29,5072A,0,0
2018,30,5072A,1,1
2018,1,5072D,0,0
2018,2,5072D,0,0
2018,3,5072D,1,1
2018,4,5072D,1,1
2018,5,5072D,0.991,0.991
2018,6,5072D,0.051,0.051
2018,7,5072D,0,0
2018,8,5072D,0.33,0.33
2018,9,5072D,0.996,0.996
2018,10,5072D,0.005,0.005
2018,11,5072D,1,1
2018,12,5072D,1,1
2018,13,5072D,1,1
2018,14,5072D,0.072,0.072
2018,15,5072D,1,1
2018,16,5072D,1,1
2018,17,5072D,1,1
2018,18,5072D,1,1
2018,19,5072D,1,1
2018,20,5072D,1,1
2018,21,5072D,1,1
2018,22,5072D,0.055,0.055
2018,23,5072D,0.986,0.986
2018,24,5072D,0.451,0.451
2018,25,5072D,0,0
2018,26,5072D,1,1
2018,27,5072D,1,1
2018,28,5072D,1,1
2018,29,5072D,0,0
2018,30,5072D,1,1
2018,1,5073A,0,0
2018,2,5073A,0,0
2018,3,5073A,1,1
2018,4,5073A,1,1
2018,5,5073A,0.991,0.991
2018,6,5073A,0.051,0.051
2018,7,5073A,0,0
2018,8,5073A,0.33,0.33
2018,9,5073A,0.996,0.996
2018,10,5073A,0.005,0.005
2018,11,5073A,1,1
2018,12,5073A,1,1
2018,13,5073A,1,1
2018,14,5073A,0.006,0.006
2018,15,5073A,1,1
2018,16,5073A,1,1
2018,17,5073A,0,0
2018,18,5073A,1,1
2018,19,5073A,1,1
2018,20,5073A,1,1
2018,21,5073A,1,1
2018,22,5073A,0.055,0.055
2018,23,5073A,0.986,0.986
2018,24,5073A,0.246,0.246
2018,25,5073A,0,0
2018,26,5073A,1,1
2018,27,5073A,1,1
2018,28,5073A,1,1
2018,29,5073A,0,0
2018,30,5073A,1,1
2018,1,5072H,0,0
2018,2,5072H,0,0
2018,3,5072H,1,1
2018,4,5072H,1,1
2018,5,5072H,0.991,0.991
2018,6,5072H,0.051,0.051
2018,7,5072H,0,0
2018,8,5072H,0.33,0.33
2018,9,5072H,0.996,0.996
2018,10,5072H,0.005,0.005
2018,11,5072H,1,1
2018,12,5072H,1,1
2018,13,5072H,1,1
2018,14,5072H,0.058,0.058
2018,15,5072H,1,1
2018,16,5072H,1,1
2018,17,5072H,0,0
2018,18,5072H,1,1
2018,19,5072H,0,0
2018,20,5072H,1,1
2018,21,5072H,1,1
2018,22,5072H,0.014,0.014
2018,23,5072H,0.986,0.986
2018,24,5072H,0.451,0.451
2018,25,5072H,0,0
2018,26,5072H,1,1
2018,27,5072H,1,1
2018,28,5072H,1,1
2018,29,5072H,0,0
2018,30,5072H,1,1
2018,1,5074C,0,0
2018,2,5074C,0,0
2018,3,5074C,1,1
2018,4,5074C,1,1
2018,5,5074C,0.991,0.991
2018,6,5074C,0.051,0.051
2018,7,5074C,0,0
2018,8,5074C,0.33,0.33
2018,9,5074C,0.996,0.996
2018,10,5074C,0.005,0.005
2018,11,5074C,1,1
2018,12,5074C,1,1
2018,13,5074C,1,1
2018,14,5074C,0.757,0.757
2018,15,5074C,1,1
2018,16,5074C,1,1
2018,17,5074C,0,0
2018,18,5074C,1,1
2018,19,5074C,0,0
2018,20,5074C,1,1
2018,21,5074C,1,1
2018,22,5074C,0.014,0.014
2018,23,5074C,0.986,0.986
2018,24,5074C,0.141,0.141
2018,25,5074C,1,1
2018,26,5074C,1,1
2018,27,5074C,1,1
2018,28,5074C,1,1
2018,29,5074C,0,0
2018,30,5074C,1,1
2018,1,5085B,0,0
2018,2,5085B,0,0
2018,3,5085B,1,1
2018,4,5085B,1,1
2018,5,5085B,0.991,0.991
2018,6,5085B,0.086,0.086
2018,7,5085B,0,0
2018,8,5085B,0.33,0.33
2018,9,5085B,0.94,0.94
2018,10,5085B,0.317,0.317
2018,11,5085B,1,1
2018,12,5085B,1,1
2018,13,5085B,1,1
2018,14,5085B,0.018,0.018
2018,15,5085B,1,1
2018,16,5085B,1,1
2018,17,5085B,1,1
2018,18,5085B,1,1
2018,19,5085B,1,1
2018,20,5085B,1,1
2018,21,5085B,1,1
2018,22,5085B,0.945,0.945
2018,23,5085B,0.986,0.986
2018,24,5085B,0.438,0.438
2018,25,5085B,0,0
2018,26,5085B,1,1
2018,27,5085B,1,1
2018,28,5085B,1,1
2018,29,5085B,1,1
2018,30,5085B,1,1
2018,1,5087A,0,0
2018,2,5087A,0,0
2018,3,5087A,1,1
2018,4,5087A,1,1
2018,5,5087A,0.991,0.991
2018,6,5087A,0.086,0.086
2018,7,5087A,0,0
2018,8,5087A,0.33,0.33
2018,9,5087A,0.94,0.94
2018,10,5087A,0.317,0.317
2018,11,5087A,1,1
2018,12,5087A,1,1
2018,13,5087A,1,1
2018,14,5087A,0.022,0.022
2018,15,5087A,1,1
2018,16,5087A,1,1
2018,17,5087A,0,0
2018,18,5087A,1,1
2018,19,5087A,0,0
2018,20,5087A,1,1
2018,21,5087A,1,1
2018,22,5087A,0.055,0.055
2018,23,5087A,0.986,0.986
2018,24,5087A,0.197,0.197
2018,25,5087A,0,0
2018,26,5087A,1,1
2018,27,5087A,1,1
2018,28,5087A,1,1
2018,29,5087A,1,1
2018,30,5087A,1,1
2018,1,5072I,0,0
2018,2,5072I,0,0
2018,3,5072I,1,1
2018,4,5072I,1,1
2018,5,5072I,0.991,0.991
2018,6,5072I,0.407,0.407
2018,7,5072I,1,1
2018,8,5072I,0.33,0.33
2018,9,5072I,0.996,0.996
2018,10,5072I,0.275,0.275
2018,11,5072I,1,1
2018,12,5072I,1,1
2018,13,5072I,1,1
2018,14,5072I,0.014,0.014
2018,15,5072I,1,1
2018,16,5072I,1,1
2018,17,5072I,1,1
2018,18,5072I,1,1
2018,19,5072I,1,1
2018,20,5072I,1,1
2018,21,5072I,1,1
2018,22,5072I,0.945,0.945
2018,23,5072I,0.986,0.986
2018,24,5072I,0.451,0.451
2018,25,5072I,1,1
2018,26,5072I,1,1
2018,27,5072I,1,1
2018,28,5072I,1,1
2018,29,5072I,1,1
2018,30,5072I,1,1
2018,1,5014A,0,0
2018,2,5014A,1,1
2018,3,5014A,1,1
2018,4,5014A,1,1
2018,5,5014A,0.991,0.991
2018,6,5014A,0.029,0.029
2018,7,5014A,0,0
2018,8,5014A,0.5,0.5
2018,9,5014A,0.996,0.996
2018,10,5014A,0.756,0.756
2018,11,5014A,1,1
2018,12,5014A,1,1
2018,13,5014A,1,1
2018,14,5014A,0.001,0.001
2018,15,5014A,1,1
2018,16,5014A,1,1
2018,17,5014A,1,1
2018,18,5014A,1,1
2018,19,5014A,0,0
2018,20,5014A,1,1
2018,21,5014A,1,1
2018,22,5014A,0.055,0.055
2018,23,5014A,0.986,0.986
2018,24,5014A,0.327,0.327
2018,25,5014A,0,0
2018,26,5014A,1,1
2018,27,5014A,1,1
2018,28,5014A,1,1
2018,29,5014A,1,1
2018,30,5014A,1,1
2018,1,5072J,0,0
2018,2,5072J,1,1
2018,3,5072J,1,1
2018,4,5072J,1,1
2018,5,5072J,0.991,0.991
2018,6,5072J,0.051,0.051
2018,7,5072J,0,0
2018,8,5072J,0.33,0.33
2018,9,5072J,0.996,0.996
2018,10,5072J,0.005,0.005
2018,11,5072J,1,1
2018,12,5072J,1,1
2018,13,5072J,1,1
2018,14,5072J,0.032,0.032
2018,15,5072J,1,1
2018,16,5072J,1,1
2018,17,5072J,1,1
2018,18,5072J,1,1
2018,19,5072J,1,1
2018,20,5072J,1,1
2018,21,5072J,1,1
2018,22,5072J,0.014,0.014
2018,23,5072J,0.986,0.986
2018,24,5072J,0.451,0.451
2018,25,5072J,0,0
2018,26,5072J,1,1
2018,27,5072J,1,1
2018,28,5072J,1,1
2018,29,5072J,0,0
2018,30,5072J,1,1
2018,1,5074A,0,0
2018,2,5074A,0,0
2018,3,5074A,1,1
2018,4,5074A,1,1
2018,5,5074A,0.991,0.991
2018,6,5074A,0.051,0.051
2018,7,5074A,0,0
2018,8,5074A,0.33,0.33
2018,9,5074A,0.996,0.996
2018,10,5074A,0.005,0.005
2018,11,5074A,1,1
2018,12,5074A,1,1
2018,13,5074A,1,1
2018,14,5074A,0.003,0.003
2018,15,5074A,1,1
2018,16,5074A,1,1
2018,17,5074A,1,1
2018,18,5074A,1,1
2018,19,5074A,0,0
2018,20,5074A,1,1
2018,21,5074A,1,1
2018,22,5074A,0.014,0.014
2018,23,5074A,0.986,0.986
2018,24,5074A,0.287,0.287
2018,25,5074A,1,1
2018,26,5074A,1,1
2018,27,5074A,1,1
2018,28,5074A,1,1
2018,29,5074A,0,0
2018,30,5074A,1,1
2018,1,5071B,0,0
2018,2,5071B,0,0
2018,3,5071B,1,1
2018,4,5071B,1,1
2018,5,5071B,0.805,0.805
2018,6,5071B,0.051,0.051
2018,7,5071B,0,0
2018,8,5071B,0.33,0.33
2018,9,5071B,0.996,0.996
2018,10,5071B,0.005,0.005
2018,11,5071B,1,1
2018,12,5071B,1,1
2018,13,5071B,0,0
2018,14,5071B,0.003,0.003
2018,15,5071B,1,1
2018,16,5071B,1,1
2018,17,5071B,0,0
2018,18,5071B,1,1
2018,19,5071B,0,0
2018,20,5071B,1,1
2018,21,5071B,1,1
2018,22,5071B,0.055,0.055
2018,23,5071B,0.5,0.5
2018,24,5071B,0.287,0.287
2018,25,5071B,1,1
2018,26,5071B,0,0
2018,27,5071B,1,1
2018,28,5071B,1,1
2018,29,5071B,0,0
2018,30,5071B,1,1
2018,1,5071C,0,0
2018,2,5071C,0,0
2018,3,5071C,1,1
2018,4,5071C,1,1
2018,5,5071C,0.805,0.805
2018,6,5071C,0.051,0.051
2018,7,5071C,0,0
2018,8,5071C,0.33,0.33
2018,9,5071C,0.996,0.996
2018,10,5071C,0.005,0.005
2018,11,5071C,1,1
2018,12,5071C,1,1
2018,13,5071C,1,1
2018,14,5071C,0.008,0.008
2018,15,5071C,1,1
2018,16,5071C,1,1
2018,17,5071C,0,0
2018,18,5071C,1,1
2018,19,5071C,0,0
2018,20,5071C,1,1
2018,21,5071C,0,0
2018,22,5071C,0.055,0.055
2018,23,5071C,0.986,0.986
2018,24,5071C,0.287,0.287
2018,25,5071C,1,1
2018,26,5071C,1,1
2018,27,5071C,1,1
2018,28,5071C,1,1
2018,29,5071C,0,0
2018,30,5071C,1,1
2018,1,5072C,1,1
2018,2,5072C,0,0
2018,3,5072C,1,1
2018,4,5072C,1,1
2018,5,5072C,0.195,0.195
2018,6,5072C,0.051,0.051
2018,7,5072C,0,0
2018,8,5072C,0.33,0.33
2018,9,5072C,0.996,0.996
2018,10,5072C,0.005,0.005
2018,11,5072C,1,1
2018,12,5072C,1,1
2018,13,5072C,1,1
2018,14,5072C,0.945,0.945
2018,15,5072C,1,1
2018,16,5072C,1,1
2018,17,5072C,0,0
2018,18,5072C,1,1
2018,19,5072C,0,0
2018,20,5072C,1,1
2018,21,5072C,1,1
2018,22,5072C,0.055,0.055
2018,23,5072C,0.986,0.986
2018,24,5072C,0.451,0.451
2018,25,5072C,0,0
2018,26,5072C,1,1
2018,27,5072C,1,1
2018,28,5072C,1,1
2018,29,5072C,0,0
2018,30,5072C,1,1
2018,1,5072E,0,0
2018,2,5072E,0,0
2018,3,5072E,1,1
2018,4,5072E,1,1
2018,5,5072E,0.991,0.991
2018,6,5072E,0.051,0.051
2018,7,5072E,0,0
2018,8,5072E,0.33,0.33
2018,9,5072E,0.996,0.996
2018,10,5072E,0.005,0.005
2018,11,5072E,1,1
2018,12,5072E,1,1
2018,13,5072E,1,1
2018,14,5072E,0.879,0.879
2018,15,5072E,1,1
2018,16,5072E,1,1
2018,17,5072E,1,1
2018,18,5072E,1,1
2018,19,5072E,1,1
2018,20,5072E,1,1
2018,21,5072E,1,1
2018,22,5072E,0.014,0.014
2018,23,5072E,0.986,0.986
2018,24,5072E,0.451,0.451
2018,25,5072E,0,0
2018,26,5072E,1,1
2018,27,5072E,1,1
2018,28,5072E,1,1
2018,29,5072E,0,0
2018,30,5072E,1,1
2018,1,5073B,0,0
2018,2,5073B,0,0
2018,3,5073B,1,1
2018,4,5073B,1,1
2018,5,5073B,0.991,0.991
2018,6,5073B,0.051,0.051
2018,7,5073B,0,0
2018,8,5073B,0.33,0.33
2018,9,5073B,0.996,0.996
2018,10,5073B,0.005,0.005
2018,11,5073B,1,1
2018,12,5073B,1,1
2018,13,5073B,1,1
2018,14,5073B,0.001,0.001
2018,15,5073B,1,1
2018,16,5073B,1,1
2018,17,5073B,1,1
2018,18,5073B,1,1
2018,19,5073B,0,0
2018,20,5073B,1,1
2018,21,5073B,1,1
2018,22,5073B,0.055,0.055
2018,23,5073B,0.986,0.986
2018,24,5073B,0.246,0.246
2018,25,5073B,0,0
2018,26,5073B,1,1
2018,27,5073B,1,1
2018,28,5073B,1,1
2018,29,5073B,0,0
2018,30,5073B,1,1
2018,1,5073D,0,0
2018,2,5073D,0,0
2018,3,5073D,1,1
2018,4,5073D,1,1
2018,5,5073D,0.195,0.195
2018,6,5073D,0.051,0.051
2018,7,5073D,0,0
2018,8,5073D,0.33,0.33
2018,9,5073D,0.996,0.996
2018,10,5073D,0.005,0.005
2018,11,5073D,1,1
2018,12,5073D,1,1
2018,13,5073D,1,1
2018,14,5073D,0.042,0.042
2018,15,5073D,1,1
2018,16,5073D,1,1
2018,17,5073D,1,1
2018,18,5073D,1,1
2018,19,5073D,1,1
2018,20,5073D,1,1
2018,21,5073D,1,1
2018,22,5073D,0.945,0.945
2018,23,5073D,0.986,0.986
2018,24,5073D,0.246,0.246
2018,25,5073D,1,1
2018,26,5073D,1,1
2018,27,5073D,1,1
2018,28,5073D,1,1
2018,29,5073D,0,0
2018,30,5073D,1,1
2018,1,5074E,0,0
2018,2,5074E,0,0
2018,3,5074E,1,1
2018,4,5074E,1,1
2018,5,5074E,0.991,0.991
2018,6,5074E,0.051,0.051
2018,7,5074E,0,0
2018,8,5074E,0.33,0.33
2018,9,5074E,0.996,0.996
2018,10,5074E,0.005,0.005
2018,11,5074E,1,1
2018,12,5074E,1,1
2018,13,5074E,1,1
2018,14,5074E,0.018,0.018
2018,15,5074E,1,1
2018,16,5074E,1,1
2018,17,5074E,1,1
2018,18,5074E,1,1
2018,19,5074E,1,1
2018,20,5074E,1,1
2018,21,5074E,1,1
2018,22,5074E,0.945,0.945
2018,23,5074E,0.986,0.986
2018,24,5074E,0.141,0.141
2018,25,5074E,1,1
2018,26,5074E,1,1
2018,27,5074E,1,1
2018,28,5074E,1,1
2018,29,5074E,0,0
2018,30,5074E,1,1
2018,1,5071A,0,0
2018,2,5071A,0,0
2018,3,5071A,1,1
2018,4,5071A,1,1
2018,5,5071A,0.991,0.991
2018,6,5071A,0.051,0.051
2018,7,5071A,0,0
2018,8,5071A,0.33,0.33
2018,9,5071A,0.996,0.996
2018,10,5071A,0.005,0.005
2018,11,5071A,1,1
2018,12,5071A,1,1
2018,13,5071A,1,1
2018,14,5071A,0.003,0.003
2018,15,5071A,1,1
2018,16,5071A,1,1
2018,17,5071A,1,1
2018,18,5071A,1,1
2018,19,5071A,0,0
2018,20,5071A,1,1
2018,21,5071A,1,1
2018,22,5071A,0.055,0.055
2018,23,5071A,0.986,0.986
2018,24,5071A,0.287,0.287
2018,25,5071A,1,1
2018,26,5071A,1,1
2018,27,5071A,1,1
2018,28,5071A,1,1
2018,29,5071A,0,0
2018,30,5071A,1,1
2018,1,5071D,0,0
2018,2,5071D,0,0
2018,3,5071D,0,0
2018,4,5071D,1,1
2018,5,5071D,0.991,0.991
2018,6,5071D,0.051,0.051
2018,7,5071D,0,0
2018,8,5071D,0.33,0.33
2018,9,5071D,0.996,0.996
2018,10,5071D,0.005,0.005
2018,11,5071D,1,1
2018,12,5071D,1,1
2018,13,5071D,1,1
2018,14,5071D,0.243,0.243
2018,15,5071D,1,1
2018,16,5071D,1,1
2018,17,5071D,0,0
2018,18,5071D,1,1
2018,19,5071D,0,0
2018,20,5071D,1,1
2018,21,5071D,1,1
2018,22,5071D,0.055,0.055
2018,23,5071D,0.986,0.986
2018,24,5071D,0.287,0.287
2018,25,5071D,1,1
2018,26,5071D,1,1
2018,27,5071D,1,1
2018,28,5071D,1,1
2018,29,5071D,0,0
2018,30,5071D,1,1
2018,1,5072B,0,0
2018,2,5072B,1,1
2018,3,5072B,1,1
2018,4,5072B,1,1
2018,5,5072B,0.991,0.991
2018,6,5072B,0.051,0.051
2018,7,5072B,0,0
2018,8,5072B,0.33,0.33
2018,9,5072B,0.996,0.996
2018,10,5072B,0.005,0.005
2018,11,5072B,1,1
2018,12,5072B,1,1
2018,13,5072B,1,1
2018,14,5072B,0.094,0.094
2018,15,5072B,1,1
2018,16,5072B,1,1
2018,17,5072B,1,1
2018,18,5072B,1,1
2018,19,5072B,0,0
2018,20,5072B,1,1
2018,21,5072B,1,1
2018,22,5072B,0.055,0.055
2018,23,5072B,0.986,0.986
2018,24,5072B,0.451,0.451
2018,25,5072B,0,0
2018,26,5072B,1,1
2018,27,5072B,1,1
2018,28,5072B,1,1
2018,29,5072B,0,0
2018,30,5072B,1,1
2018,1,5072F,0,0
2018,2,5072F,0,0
2018,3,5072F,0,0
2018,4,5072F,1,1
2018,5,5072F,0.009,0.009
2018,6,5072F,0.051,0.051
2018,7,5072F,0,0
2018,8,5072F,0.33,0.33
2018,9,5072F,0.996,0.996
2018,10,5072F,0.005,0.005
2018,11,5072F,1,1
2018,12,5072F,0,0
2018,13,5072F,1,1
2018,14,5072F,0.032,0.032
2018,15,5072F,0,0
2018,16,5072F,1,1
2018,17,5072F,0,0
2018,18,5072F,1,1
2018,19,5072F,0,0
2018,20,5072F,1,1
2018,21,5072F,1,1
2018,22,5072F,0.055,0.055
2018,23,5072F,0.986,0.986
2018,24,5072F,0.451,0.451
2018,25,5072F,0,0
2018,26,5072F,1,1
2018,27,5072F,1,1
2018,28,5072F,1,1
2018,29,5072F,0,0
2018,30,5072F,1,1
2018,1,5073C,1,1
2018,2,5073C,0,0
2018,3,5073C,0,0
2018,4,5073C,1,1
2018,5,5073C,0.991,0.991
2018,6,5073C,0.051,0.051
2018,7,5073C,0,0
2018,8,5073C,0.33,0.33
2018,9,5073C,0.996,0.996
2018,10,5073C,0.005,0.005
2018,11,5073C,1,1
2018,12,5073C,1,1
2018,13,5073C,1,1
2018,14,5073C,0.001,0.001
2018,15,5073C,1,1
2018,16,5073C,1,1
2018,17,5073C,0,0
2018,18,5073C,1,1
2018,19,5073C,1,1
2018,20,5073C,1,1
2018,21,5073C,1,1
2018,22,5073C,0.055,0.055
2018,23,5073C,0.986,0.986
2018,24,5073C,0.246,0.246
2018,25,5073C,0,0
2018,26,5073C,1,1
2018,27,5073C,1,1
2018,28,5073C,1,1
2018,29,5073C,0,0
2018,30,5073C,1,1
2018,1,5072G,0,0
2018,2,5072G,1,1
2018,3,5072G,1,1
2018,4,5072G,1,1
2018,5,5072G,0.991,0.991
2018,6,5072G,0.086,0.086
2018,7,5072G,0,0
2018,8,5072G,0.33,0.33
2018,9,5072G,0.94,0.94
2018,10,5072G,0.317,0.317
2018,11,5072G,1,1
2018,12,5072G,1,1
2018,13,5072G,1,1
2018,14,5072G,0.001,0.001
2018,15,5072G,1,1
2018,16,5072G,1,1
2018,17,5072G,0,0
2018,18,5072G,1,1
2018,19,5072G,1,1
2018,20,5072G,1,1
2018,21,5072G,1,1
2018,22,5072G,0.055,0.055
2018,23,5072G,0.986,0.986
2018,24,5072G,0.451,0.451
2018,25,5072G,0,0
2018,26,5072G,1,1
2018,27,5072G,1,1
2018,28,5072G,1,1
2018,29,5072G,1,1
2018,30,5072G,1,1
2018,1,5074D,0,0
2018,2,5074D,0,0
2018,3,5074D,1,1
2018,4,5074D,1,1
2018,5,5074D,0.991,0.991
2018,6,5074D,0.051,0.051
2018,7,5074D,0,0
2018,8,5074D,0.33,0.33
2018,9,5074D,0.996,0.996
2018,10,5074D,0.005,0.005
2018,11,5074D,1,1
2018,12,5074D,1,1
2018,13,5074D,1,1
2018,14,5074D,0.055,0.055
2018,15,5074D,1,1
2018,16,5074D,1,1
2018,17,5074D,1,1
2018,18,5074D,1,1
2018,19,5074D,1,1
2018,20,5074D,1,1
2018,21,5074D,1,1
2018,22,5074D,0.945,0.945
2018,23,5074D,0.986,0.986
2018,24,5074D,0.141,0.141
2018,25,5074D,1,1
2018,26,5074D,1,1
2018,27,5074D,1,1
2018,28,5074D,1,1
2018,29,5074D,0,0
2018,30,5074D,1,1
2018,1,5071E,0,0
2018,2,5071E,0,0
2018,3,5071E,0,0
2018,4,5071E,1,1
2018,5,5071E,0.991,0.991
2018,6,5071E,0.051,0.051
2018,7,5071E,0,0
2018,8,5071E,0.33,0.33
2018,9,5071E,0.996,0.996
2018,10,5071E,0.005,0.005
2018,11,5071E,0,0
2018,12,5071E,1,1
2018,13,5071E,1,1
2018,14,5071E,0.57,0.57
2018,15,5071E,1,1
2018,16,5071E,1,1
2018,17,5071E,1,1
2018,18,5071E,1,1
2018,19,5071E,1,1
2018,20,5071E,1,1
2018,21,5071E,1,1
2018,22,5071E,0.055,0.055
2018,23,5071E,0.986,0.986
2018,24,5071E,0.287,0.287
2018,25,5071E,1,1
2018,26,5071E,1,1
2018,27,5071E,1,1
2018,28,5071E,1,1
2018,29,5071E,0,0
2018,30,5071E,1,1
2018,1,5081B,0,0
2018,2,5081B,0,0
2018,3,5081B,1,1
2018,4,5081B,1,1
2018,5,5081B,0.991,0.991
2018,6,5081B,0.086,0.086
2018,7,5081B,0,0
2018,8,5081B,0.33,0.33
2018,9,5081B,0.94,0.94
2018,10,5081B,0.317,0.317
2018,11,5081B,1,1
2018,12,5081B,1,1
2018,13,5081B,1,1
2018,14,5081B,0.032,0.032
2018,15,5081B,1,1
2018,16,5081B,1,1
2018,17,5081B,1,1
2018,18,5081B,1,1
2018,19,5081B,1,1
2018,20,5081B,1,1
2018,21,5081B,1,1
2018,22,5081B,0.945,0.945
2018,23,5081B,0.986,0.986
2018,24,5081B,0.02,0.02
2018,25,5081B,1,1
2018,26,5081B,1,1
2018,27,5081B,1,1
2018,28,5081B,1,1
2018,29,5081B,1,1
2018,30,5081B,1,1
2018,1,5081C,0,0
2018,2,5081C,0,0
2018,3,5081C,1,1
2018,4,5081C,1,1
2018,5,5081C,0.991,0.991
2018,6,5081C,0.086,0.086
2018,7,5081C,0,0
2018,8,5081C,0.33,0.33
2018,9,5081C,0.94,0.94
2018,10,5081C,0.317,0.317
2018,11,5081C,1,1
2018,12,5081C,1,1
2018,13,5081C,1,1
2018,14,5081C,1,1
2018,15,5081C,1,1
2018,16,5081C,1,1
2018,17,5081C,0,0
2018,18,5081C,1,1
2018,19,5081C,0,0
2018,20,5081C,1,1
2018,21,5081C,1,1
2018,22,5081C,0.055,0.055
2018,23,5081C,0.986,0.986
2018,24,5081C,0.02,0.02
2018,25,5081C,0,0
2018,26,5081C,1,1
2018,27,5081C,1,1
2018,28,5081C,1,1
2018,29,5081C,1,1
2018,30,5081C,1,1
2018,1,5082A,0,0
2018,2,5082A,0,0
2018,3,5082A,1,1
2018,4,5082A,1,1
2018,5,5082A,0.991,0.991
2018,6,5082A,0.086,0.086
2018,7,5082A,0,0
2018,8,5082A,0.33,0.33
2018,9,5082A,0.94,0.94
2018,10,5082A,0.317,0.317
2018,11,5082A,1,1
2018,12,5082A,1,1
2018,13,5082A,1,1
2018,14,5082A,0.362,0.362
2018,15,5082A,1,1
2018,16,5082A,1,1
2018,17,5082A,0,0
2018,18,5082A,1,1
2018,19,5082A,0,0
2018,20,5082A,1,1
2018,21,5082A,1,1
2018,22,5082A,0.055,0.055
2018,23,5082A,0.986,0.986
2018,24,5082A,0.404,0.404
2018,25,5082A,0,0
2018,26,5082A,1,1
2018,27,5082A,1,1
2018,28,5082A,1,1
2018,29,5082A,1,1
2018,30,5082A,1,1
2018,1,5085A,0,0
2018,2,5085A,0,0
2018,3,5085A,1,1
2018,4,5085A,1,1
2018,5,5085A,0.009,0.009
2018,6,5085A,0.086,0.086
2018,7,5085A,0,0
2018,8,5085A,0.33,0.33
2018,9,5085A,0.94,0.94
2018,10,5085A,0.317,0.317
2018,11,5085A,1,1
2018,12,5085A,1,1
2018,13,5085A,0,0
2018,14,5085A,0.001,0.001
2018,15,5085A,1,1
2018,16,5085A,1,1
2018,17,5085A,0,0
2018,18,5085A,1,1
2018,19,5085A,0,0
2018,20,5085A,1,1
2018,21,5085A,1,1
2018,22,5085A,0.014,0.014
2018,23,5085A,0.986,0.986
2018,24,5085A,0.438,0.438
2018,25,5085A,0,0
2018,26,5085A,1,1
2018,27,5085A,1,1
2018,28,5085A,1,1
2018,29,5085A,1,1
2018,30,5085A,1,1
2018,1,5082B,0,0
2018,2,5082B,0,0
2018,3,5082B,1,1
2018,4,5082B,1,1
2018,5,5082B,0.991,0.991
2018,6,5082B,0.086,0.086
2018,7,5082B,0,0
2018,8,5082B,0.33,0.33
2018,9,5082B,0.94,0.94
2018,10,5082B,0.317,0.317
2018,11,5082B,1,1
2018,12,5082B,1,1
2018,13,5082B,1,1
2018,14,5082B,0.018,0.018
2018,15,5082B,1,1
2018,16,5082B,1,1
2018,17,5082B,0,0
2018,18,5082B,1,1
2018,19,5082B,0,0
2018,20,5082B,1,1
2018,21,5082B,1,1
2018,22,5082B,0.014,0.014
2018,23,5082B,0.986,0.986
2018,24,5082B,0.404,0.404
2018,25,5082B,0,0
2018,26,5082B,1,1
2018,27,5082B,1,1
2018,28,5082B,1,1
2018,29,5082B,1,1
2018,30,5082B,1,1
2018,1,5083A,0,0
2018,2,5083A,0,0
2018,3,5083A,1,1
2018,4,5083A,1,1
2018,5,5083A,0.991,0.991
2018,6,5083A,0.086,0.086
2018,7,5083A,0,0
2018,8,5083A,0.33,0.33
2018,9,5083A,0.94,0.94
2018,10,5083A,0.317,0.317
2018,11,5083A,1,1
2018,12,5083A,1,1
2018,13,5083A,1,1
2018,14,5083A,0.906,0.906
2018,15,5083A,1,1
2018,16,5083A,1,1
2018,17,5083A,1,1
2018,18,5083A,1,1
2018,19,5083A,0,0
2018,20,5083A,1,1
2018,21,5083A,1,1
2018,22,5083A,0.945,0.945
2018,23,5083A,0.986,0.986
2018,24,5083A,0.092,0.092
2018,25,5083A,1,1
2018,26,5083A,1,1
2018,27,5083A,1,1
2018,28,5083A,1,1
2018,29,5083A,1,1
2018,30,5083A,1,1
2018,1,5083B,0,0
2018,2,5083B,0,0
2018,3,5083B,1,1
2018,4,5083B,1,1
2018,5,5083B,0.991,0.991
2018,6,5083B,0.086,0.086
2018,7,5083B,0,0
2018,8,5083B,0.33,0.33
2018,9,5083B,0.94,0.94
2018,10,5083B,0.317,0.317
2018,11,5083B,1,1
2018,12,5083B,1,1
2018,13,5083B,1,1
2018,14,5083B,0.001,0.001
2018,15,5083B,1,1
2018,16,5083B,1,1
2018,17,5083B,1,1
2018,18,5083B,1,1
2018,19,5083B,0,0
2018,20,5083B,1,1
2018,21,5083B,1,1
2018,22,5083B,0.014,0.014
2018,23,5083B,0.986,0.986
2018,24,5083B,0.092,0.092
2018,25,5083B,0,0
2018,26,5083B,1,1
2018,27,5083B,1,1
2018,28,5083B,1,1
2018,29,5083B,1,1
2018,30,5083B,1,1
2018,1,60116A,0,0
2018,2,60116A,0,0
2018,3,60116A,1,1
2018,4,60116A,1,1
2018,5,60116A,0.991,0.991
2018,6,60116A,0.243,0.243
2018,7,60116A,0,0
2018,8,60116A,0.5,0.5
2018,9,60116A,0.965,0.965
2018,10,60116A,0.74,0.74
2018,11,60116A,1,1
2018,12,60116A,0,0
2018,13,60116A,1,1
2018,14,60116A,0.757,0.757
2018,15,60116A,1,1
2018,16,60116A,1,1
2018,17,60116A,0,0
2018,18,60116A,1,1
2018,19,60116A,0,0
2018,20,60116A,1,1
2018,21,60116A,1,1
2018,22,60116A,0.945,0.945
2018,23,60116A,0.986,0.986
2018,24,60116A,0.577,0.577
2018,25,60116A,0,0
2018,26,60116A,1,1
2018,27,60116A,1,1
2018,28,60116A,1,1
2018,29,60116A,0,0
2018,30,60116A,1,1
2018,1,60116B,0,0
2018,2,60116B,0,0
2018,3,60116B,1,1
2018,4,60116B,1,1
2018,5,60116B,0.991,0.991
2018,6,60116B,0.243,0.243
2018,7,60116B,0,0
2018,8,60116B,0.5,0.5
2018,9,60116B,0.965,0.965
2018,10,60116B,0.74,0.74
2018,11,60116B,0,0
2018,12,60116B,0,0
2018,13,60116B,1,1
2018,14,60116B,0.001,0.001
2018,15,60116B,1,1
2018,16,60116B,1,1
2018,17,60116B,1,1
2018,18,60116B,1,1
2018,19,60116B,0,0
2018,20,60116B,1,1
2018,21,60116B,1,1
2018,22,60116B,0.014,0.014
2018,23,60116B,0.986,0.986
2018,24,60116B,0.577,0.577
2018,25,60116B,0,0
2018,26,60116B,1,1
2018,27,60116B,1,1
2018,28,60116B,1,1
2018,29,60116B,0,0
2018,30,60116B,1,1
2018,1,6042A,0,0
2018,2,6042A,0,0
2018,3,6042A,1,1
2018,4,6042A,1,1
2018,5,6042A,0.991,0.991
2018,6,6042A,0.018,0.018
2018,7,6042A,0,0
2018,8,6042A,0.33,0.33
2018,9,6042A,0.117,0.117
2018,10,6042A,0.991,0.991
2018,11,6042A,1,1
2018,12,6042A,0,0
2018,13,6042A,1,1
2018,14,6042A,0.994,0.994
2018,15,6042A,1,1
2018,16,6042A,1,1
2018,17,6042A,1,1
2018,18,6042A,1,1
2018,19,6042A,0,0
2018,20,6042A,1,1
2018,21,6042A,1,1
2018,22,6042A,0.055,0.055
2018,23,6042A,0.986,0.986
2018,24,6042A,0.367,0.367
2018,25,6042A,0,0
2018,26,6042A,1,1
2018,27,6042A,1,1
2018,28,6042A,1,1
2018,29,6042A,0,0
2018,30,6042A,1,1
2018,1,6041A,0,0
2018,2,6041A,0,0
2018,3,6041A,1,1
2018,4,6041A,1,1
2018,5,6041A,0.991,0.991
2018,6,6041A,0.243,0.243
2018,7,6041A,0,0
2018,8,6041A,0.5,0.5
2018,9,6041A,0.965,0.965
2018,10,6041A,0.74,0.74
2018,11,6041A,1,1
2018,12,6041A,0,0
2018,13,6041A,1,1
2018,14,6041A,0.121,0.121
2018,15,6041A,1,1
2018,16,6041A,1,1
2018,17,6041A,1,1
2018,18,6041A,1,1
2018,19,6041A,0,0
2018,20,6041A,1,1
2018,21,6041A,1,1
2018,22,6041A,0.945,0.945
2018,23,6041A,0.986,0.986
2018,24,6041A,0.041,0.041
2018,25,6041A,0,0
2018,26,6041A,1,1
2018,27,6041A,1,1
2018,28,6041A,1,1
2018,29,6041A,0,0
2018,30,6041A,1,1
2018,1,6041B,0,0
2018,2,6041B,0,0
2018,3,6041B,1,1
2018,4,6041B,1,1
2018,5,6041B,0.991,0.991
2018,6,6041B,0.018,0.018
2018,7,6041B,0,0
2018,8,6041B,0.33,0.33
2018,9,6041B,0.117,0.117
2018,10,6041B,0.991,0.991
2018,11,6041B,1,1
2018,12,6041B,0,0
2018,13,6041B,1,1
2018,14,6041B,0.001,0.001
2018,15,6041B,1,1
2018,16,6041B,1,1
2018,17,6041B,1,1
2018,18,6041B,1,1
2018,19,6041B,0,0
2018,20,6041B,1,1
2018,21,6041B,1,1
2018,22,6041B,0.014,0.014
2018,23,6041B,0.986,0.986
2018,24,6041B,0.041,0.041
2018,25,6041B,0,0
2018,26,6041B,1,1
2018,27,6041B,1,1
2018,28,6041B,1,1
2018,29,6041B,0,0
2018,30,6041B,1,1
2018,1,6041C,0,0
2018,2,6041C,0,0
2018,3,6041C,1,1
2018,4,6041C,1,1
2018,5,6041C,0.991,0.991
2018,6,6041C,0.243,0.243
2018,7,6041C,0,0
2018,8,6041C,0.5,0.5
2018,9,6041C,0.965,0.965
2018,10,6041C,0.74,0.74
2018,11,6041C,1,1
2018,12,6041C,0,0
2018,13,6041C,1,1
2018,14,6041C,0.006,0.006
2018,15,6041C,1,1
2018,16,6041C,1,1
2018,17,6041C,0,0
2018,18,6041C,1,1
2018,19,6041C,0,0
2018,20,6041C,1,1
2018,21,6041C,1,1
2018,22,6041C,0.055,0.055
2018,23,6041C,0.986,0.986
2018,24,6041C,0.041,0.041
2018,25,6041C,0,0
2018,26,6041C,1,1
2018,27,6041C,1,1
2018,28,6041C,1,1
2018,29,6041C,0,0
2018,30,6041C,1,1
2018,1,6041D,0,0
2018,2,6041D,0,0
2018,3,6041D,1,1
2018,4,6041D,1,1
2018,5,6041D,0.991,0.991
2018,6,6041D,0.018,0.018
2018,7,6041D,0,0
2018,8,6041D,0.33,0.33
2018,9,6041D,0.117,0.117
2018,10,6041D,0.991,0.991
2018,11,6041D,0,0
2018,12,6041D,0,0
2018,13,6041D,1,1
2018,14,6041D,0.055,0.055
2018,15,6041D,1,1
2018,16,6041D,1,1
2018,17,6041D,1,1
2018,18,6041D,1,1
2018,19,6041D,0,0
2018,20,6041D,1,1
2018,21,6041D,1,1
2018,22,6041D,0.014,0.014
2018,23,6041D,0.986,0.986
2018,24,6041D,0.041,0.041
2018,25,6041D,0,0
2018,26,6041D,1,1
2018,27,6041D,1,1
2018,28,6041D,1,1
2018,29,6041D,0,0
2018,30,6041D,1,1
2018,1,6041E,0,0
2018,2,6041E,0,0
2018,3,6041E,1,1
2018,4,6041E,1,1
2018,5,6041E,0.991,0.991
2018,6,6041E,0.018,0.018
2018,7,6041E,0,0
2018,8,6041E,0.33,0.33
2018,9,6041E,0.117,0.117
2018,10,6041E,0.991,0.991
2018,11,6041E,1,1
2018,12,6041E,0,0
2018,13,6041E,1,1
2018,14,6041E,0.5,0.5
2018,15,6041E,1,1
2018,16,6041E,1,1
2018,17,6041E,1,1
2018,18,6041E,1,1
2018,19,6041E,0,0
2018,20,6041E,1,1
2018,21,6041E,1,1
2018,22,6041E,0.055,0.055
2018,23,6041E,0.986,0.986
2018,24,6041E,0.041,0.041
2018,25,6041E,0,0
2018,26,6041E,1,1
2018,27,6041E,1,1
2018,28,6041E,1,1
2018,29,6041E,0,0
2018,30,6041E,1,1
2019,1,3075A,1,NO
2019,2,3075A,1,NO
2019,3,3075A,0,SI
2019,4,3075A,1,NO
2019,5,3075A,0.805,<50
2019,6,3075A,0.015,94
2019,7,3075A,1,NO
2019,8,3075A,0.447,0.77
2019,9,3075A,0.989,51
2019,10,3075A,0.991,4
2019,11,3075A,1,NO
2019,12,3075A,1,NO
2019,13,3075A,1,NO
2019,14,3075A,0.011,170
2019,15,3075A,1,NO
2019,16,3075A,1,NO
2019,17,3075A,1,NO
2019,18,3075A,0,SI
2019,19,3075A,1,NO
2019,20,3075A,1,NO
2019,21,3075A,1,NO
2019,22,3075A,0.014,<10
2019,23,3075A,0.986,>40
2019,24,3075A,0.204,59.57
2019,25,3075A,1,NO
2019,26,3075A,1,NO
2019,27,3075A,0,NO
2019,28,3075A,1,SI
2019,29,3075A,1,SI
2019,30,3075A,1,SI
2019,1,3034B,1,NO
2019,2,3034B,1,NO
2019,3,3034B,0,SI
2019,4,3034B,1,NO
2019,5,3034B,0.991,0
2019,6,3034B,0.012,96
2019,7,3034B,1,NO
2019,8,3034B,0.33,0.7
2019,9,3034B,0.977,89
2019,10,3034B,0.991,6
2019,11,3034B,1,NO
2019,12,3034B,1,NO
2019,13,3034B,1,NO
2019,14,3034B,0.034,190
2019,15,3034B,1,NO
2019,16,3034B,1,NO
2019,17,3034B,1,NO
2019,18,3034B,0,SI
2019,19,3034B,0,SI
2019,20,3034B,1,NO
2019,21,3034B,1,NO
2019,22,3034B,0.014,<10
2019,23,3034B,0.986,>40
2019,24,3034B,0.072,67.95
2019,25,3034B,1,NO
2019,26,3034B,1,NO
2019,27,3034B,0,NO
2019,28,3034B,0,NO
2019,29,3034B,1,SI
2019,30,3034B,1,SI
2019,1,30111A,1,NO
2019,2,30111A,1,NO
2019,3,30111A,0,SI
2019,4,30111A,1,NO
2019,5,30111A,0.195,>50
2019,6,30111A,0.045,82
2019,7,30111A,1,NO
2019,8,30111A,0.243,0.64
2019,9,30111A,0.992,33
2019,10,30111A,0.991,1
2019,11,30111A,1,NO
2019,12,30111A,1,NO
2019,13,30111A,1,NO
2019,14,30111A,0.011,170
2019,15,30111A,1,NO
2019,16,30111A,1,NO
2019,17,30111A,0,SI
2019,18,30111A,0,SI
2019,19,30111A,0,SI
2019,20,30111A,1,NO
2019,21,30111A,1,NO
2019,22,30111A,0.014,<10
2019,23,30111A,0.5,<40
2019,24,30111A,0.152,62.08
2019,25,30111A,1,NO
2019,26,30111A,1,NO
2019,27,30111A,1,SI
2019,28,30111A,0,NO
2019,29,30111A,1,SI 
2019,30,30111A,1,SI
2019,1,3082A,1,NO
2019,2,3082A,1,NO
2019,3,3082A,0,SI
2019,4,3082A,1,NO
2019,5,3082A,0.805,<50
2019,6,3082A,0.045,82
2019,7,3082A,1,NO
2019,8,3082A,0.243,0.64
2019,9,3082A,0.992,33
2019,10,3082A,0.991,3
2019,11,3082A,1,NO
2019,12,3082A,1,NO
2019,13,3082A,1,NO
2019,14,3082A,0.011,170
2019,15,3082A,1,NO
2019,16,3082A,1,NO
2019,17,3082A,0,SI
2019,18,3082A,0,SI
2019,19,3082A,0,SI
2019,20,3082A,1,NO
2019,21,3082A,1,NO
2019,22,3082A,0.014,<10
2019,23,3082A,0.986,>40
2019,24,3082A,0.414,52.4
2019,25,3082A,1,NO
2019,26,3082A,1,NO
2019,27,3082A,1,SI
2019,28,3082A,1,SI
2019,29,3082A,0,NO
2019,30,3082A,1,SI
2019,1,3058A,1,NO
2019,2,3058A,1,NO
2019,3,3058A,1,NO
2019,4,3058A,1,NO
2019,5,3058A,0.991,0
2019,6,3058A,0.634,44
2019,7,3058A,1,NO
2019,8,3058A,0.174,0.58
2019,9,3058A,0.909,161
2019,10,3058A,0.991,0
2019,11,3058A,1,NO
2019,12,3058A,1,NO
2019,13,3058A,1,NO
2019,14,3058A,0.058,200
2019,15,3058A,1,NO
2019,16,3058A,1,NO
2019,17,3058A,1,NO
2019,18,3058A,0,SI
2019,19,3058A,1,NO
2019,20,3058A,1,NO
2019,21,3058A,1,NO
2019,22,3058A,0.014,<10
2019,23,3058A,0.986,>40
2019,24,3058A,0.533,49.03
2019,25,3058A,1,NO
2019,26,3058A,1,NO
2019,27,3058A,0,NO
2019,28,3058A,0,NO
2019,29,3058A,1,SI
2019,30,3058A,1,SI
2019,1,3052A,1,NO
2019,2,3052A,1,NO
2019,3,3052A,1,NO
2019,4,3052A,1,NO
2019,5,3052A,0.991,0
2019,6,3052A,0.634,44
2019,7,3052A,1,NO
2019,8,3052A,0.174,0.58
2019,9,3052A,0.909,161
2019,10,3052A,0.991,0
2019,11,3052A,1,NO
2019,12,3052A,1,NO
2019,13,3052A,1,NO
2019,14,3052A,0.058,200
2019,15,3052A,1,NO
2019,16,3052A,1,NO
2019,17,3052A,1,NO
2019,18,3052A,0,SI
2019,19,3052A,1,NO
2019,20,3052A,1,NO
2019,21,3052A,1,NO
2019,22,3052A,0.014,<10
2019,23,3052A,0.986,>40
2019,24,3052A,0.327,55.04
2019,25,3052A,1,NO
2019,26,3052A,1,NO
2019,27,3052A,0,NO
2019,28,3052A,1,SI
2019,29,3052A,1,SI
2019,30,3052A,1,SI
2019,1,3054A,1,NO
2019,2,3054A,1,NO
2019,3,3054A,0,SI
2019,4,3054A,1,NO
2019,5,3054A,0.805,<50
2019,6,3054A,0.634,44
2019,7,3054A,1,NO
2019,8,3054A,0.174,0.58
2019,9,3054A,0.909,161
2019,10,3054A,0.991,0
2019,11,3054A,1,NO
2019,12,3054A,1,NO
2019,13,3054A,1,NO
2019,14,3054A,0.034,190
2019,15,3054A,1,NO
2019,16,3054A,1,NO
2019,17,3054A,1,NO
2019,18,3054A,0,SI
2019,19,3054A,0,SI
2019,20,3054A,1,NO
2019,21,3054A,1,NO
2019,22,3054A,0.014,<10
2019,23,3054A,0.986,>40
2019,24,3054A,0.608,46.87
2019,25,3054A,1,NO
2019,26,3054A,1,NO
2019,27,3054A,0,NO
2019,28,3054A,0,NO
2019,29,3054A,1,SI
2019,30,3054A,1,SI
2019,1,3022A,1,NO
2019,2,3022A,1,NO
2019,3,3022A,0,SI
2019,4,3022A,1,NO
2019,5,3022A,0.805,<50
2019,6,3022A,0.028,87
2019,7,3022A,1,NO
2019,8,3022A,0.362,0.72
2019,9,3022A,0.981,78
2019,10,3022A,0.991,3
2019,11,3022A,1,NO
2019,12,3022A,1,NO
2019,13,3022A,1,NO
2019,14,3022A,0.034,190
2019,15,3022A,1,NO
2019,16,3022A,1,NO
2019,17,3022A,0,SI
2019,18,3022A,0,SI
2019,19,3022A,0,SI
2019,20,3022A,1,NO
2019,21,3022A,1,NO
2019,22,3022A,0.014,<10
2019,23,3022A,0.986,>40
2019,24,3022A,0.321,55.23
2019,25,3022A,1,NO
2019,26,3022A,1,NO
2019,27,3022A,0,NO
2019,28,3022A,0,NO
2019,29,3022A,1,SI
2019,30,3022A,1,SI
2019,1,3023A,1,NO
2019,2,3023A,1,NO
2019,3,3023A,0,SI
2019,4,3023A,1,NO
2019,5,3023A,0.805,<50
2019,6,3023A,0.028,87
2019,7,3023A,1,NO
2019,8,3023A,0.362,0.72
2019,9,3023A,0.981,78
2019,10,3023A,0.991,3
2019,11,3023A,1,NO
2019,12,3023A,1,NO
2019,13,3023A,1,NO
2019,14,3023A,0.034,190
2019,15,3023A,1,NO
2019,16,3023A,1,NO
2019,17,3023A,1,NO
2019,18,3023A,0,SI
2019,19,3023A,0,SI
2019,20,3023A,1,NO
2019,21,3023A,1,NO
2019,22,3023A,0.014,<10
2019,23,3023A,0.986,>40
2019,24,3023A,0.257,57.44
2019,25,3023A,1,NO
2019,26,3023A,1,NO
2019,27,3023A,1,SI
2019,28,3023A,1,SI
2019,29,3023A,0,NO
2019,30,3023A,1,SI
2019,1,30511A,1,NO
2019,2,30511A,1,NO
2019,3,30511A,1,NO
2019,4,30511A,1,NO
2019,5,30511A,0.991,0
2019,6,30511A,0.634,44
2019,7,30511A,1,NO
2019,8,30511A,0.174,0.58
2019,9,30511A,0.909,161
2019,10,30511A,0.991,0
2019,11,30511A,1,NO
2019,12,30511A,1,NO
2019,13,30511A,1,NO
2019,14,30511A,0.058,200
2019,15,30511A,1,NO
2019,16,30511A,1,NO
2019,17,30511A,1,NO
2019,18,30511A,0,SI
2019,19,30511A,1,NO
2019,20,30511A,1,NO
2019,21,30511A,1,NO
2019,22,30511A,0.014,<10
2019,23,30511A,0.986,>40
2019,24,30511A,0.297,56.04
2019,25,30511A,1,NO
2019,26,30511A,1,NO
2019,27,30511A,0,NO
2019,28,30511A,1,SI 
2019,29,30511A,1,SI
2019,30,30511A,1,SI
2019,1,3082B,1,NO
2019,2,3082B,1,NO
2019,3,3082B,0,SI
2019,4,3082B,1,NO
2019,5,3082B,0.805,<50
2019,6,3082B,0.045,82
2019,7,3082B,1,NO
2019,8,3082B,0.243,0.64
2019,9,3082B,0.992,33
2019,10,3082B,0.991,0
2019,11,3082B,1,NO
2019,12,3082B,1,NO
2019,13,3082B,1,NO
2019,14,3082B,0.011,170
2019,15,3082B,1,NO
2019,16,3082B,1,NO
2019,17,3082B,0,SI
2019,18,3082B,0,SI
2019,19,3082B,0,SI
2019,20,3082B,0,SI
2019,21,3082B,1,NO
2019,22,3082B,0.014,<10
2019,23,3082B,0.986,>40
2019,24,3082B,0.414,52.4
2019,25,3082B,1,NO
2019,26,3082B,1,NO
2019,27,3082B,1,SI
2019,28,3082B,1,SI
2019,29,3082B,0,NO
2019,30,3082B,1,SI
2019,1,3082C,1,NO
2019,2,3082C,1,NO
2019,3,3082C,0,SI
2019,4,3082C,1,NO
2019,5,3082C,0.805,<50
2019,6,3082C,0.045,82
2019,7,3082C,1,NO
2019,8,3082C,0.243,0.64
2019,9,3082C,0.992,33
2019,10,3082C,0.991,0
2019,11,3082C,0,SI
2019,12,3082C,0,SI
2019,13,3082C,1,NO
2019,14,3082C,0.034,190
2019,15,3082C,1,NO
2019,16,3082C,1,NO
2019,17,3082C,1,NO
2019,18,3082C,0,SI
2019,19,3082C,0,SI
2019,20,3082C,1,NO
2019,21,3082C,1,NO
2019,22,3082C,0.014,<10
2019,23,3082C,0.986,>40
2019,24,3082C,0.414,52.4
2019,25,3082C,1,NO
2019,26,3082C,1,NO
2019,27,3082C,0,NO
2019,28,3082C,1,SI
2019,29,3082C,0,NO
2019,30,3082C,0,NO
2019,1,3082D,1,NO
2019,2,3082D,1,NO
2019,3,3082D,0,SI
2019,4,3082D,1,NO
2019,5,3082D,0.805,<50
2019,6,3082D,0.045,82
2019,7,3082D,1,NO
2019,8,3082D,0.243,0.64
2019,9,3082D,0.992,33
2019,10,3082D,0.991,0
2019,11,3082D,1,NO
2019,12,3082D,1,NO
2019,13,3082D,1,NO
2019,14,3082D,0.034,190
2019,15,3082D,1,NO
2019,16,3082D,1,NO
2019,17,3082D,1,NO
2019,18,3082D,0,SI
2019,19,3082D,0,SI 
2019,20,3082D,1,NO
2019,21,3082D,1,NO
2019,22,3082D,0.014,<10
2019,23,3082D,0.986,>40
2019,24,3082D,0.414,52.4
2019,25,3082D,1,NO
2019,26,3082D,1,NO
2019,27,3082D,1,SI
2019,28,3082D,1,SI
2019,29,3082D,0,NO
2019,30,3082D,1,SI
2019,1,3074A,1,NO
2019,2,3074A,1,NO
2019,3,3074A,0,SI
2019,4,3074A,1,NO
2019,5,3074A,0.805,<50
2019,6,3074A,0.015,94
2019,7,3074A,1,NO
2019,8,3074A,0.447,0.77
2019,9,3074A,0.989,51
2019,10,3074A,0.991,4
2019,11,3074A,1,NO
2019,12,3074A,1,NO
2019,13,3074A,1,NO
2019,14,3074A,0.034,190
2019,15,3074A,1,NO
2019,16,3074A,1,NO
2019,17,3074A,0,SI
2019,18,3074A,0,SI
2019,19,3074A,1,NO
2019,20,3074A,1,NO
2019,21,3074A,1,NO
2019,22,3074A,0.014,<10
2019,23,3074A,0.986,>40
2019,24,3074A,0.251,57.65
2019,25,3074A,1,NO
2019,26,3074A,1,NO
2019,27,3074A,0,NO
2019,28,3074A,1,SI
2019,29,3074A,1,SI
2019,30,3074A,1,SI
2019,1,3072A,1,NO
2019,2,3072A,1,NO
2019,3,3072A,0,SI
2019,4,3072A,1,NO
2019,5,3072A,0.195,>50
2019,6,3072A,0.015,94
2019,7,3072A,1,NO
2019,8,3072A,0.447,0.77
2019,9,3072A,0.989,51
2019,10,3072A,0.991,4
2019,11,3072A,1,NO
2019,12,3072A,1,NO
2019,13,3072A,1,NO
2019,14,3072A,0.019,180
2019,15,3072A,1,NO
2019,16,3072A,1,NO
2019,17,3072A,0,SI
2019,18,3072A,0,SI
2019,19,3072A,0,SI
2019,20,3072A,1,NO
2019,21,3072A,1,NO
2019,22,3072A,0.014,<10
2019,23,3072A,0.5,<40
2019,24,3072A,0.19,60.17
2019,25,3072A,1,NO
2019,26,3072A,1,NO
2019,27,3072A,1,SI
2019,28,3072A,1,SI
2019,29,3072A,1,SI
2019,30,3072A,1,SI
2019,1,3073A,1,NO
2019,2,3073A,1,NO
2019,3,3073A,0,SI
2019,4,3073A,1,NO
2019,5,3073A,0.805,<50
2019,6,3073A,0.015,94
2019,7,3073A,1,NO
2019,8,3073A,0.447,0.77
2019,9,3073A,0.989,51
2019,10,3073A,0.991,4
2019,11,3073A,1,NO
2019,12,3073A,1,NO
2019,13,3073A,1,NO
2019,14,3073A,0.034,190
2019,15,3073A,1,NO
2019,16,3073A,1,NO
2019,17,3073A,1,NO
2019,18,3073A,0,SI
2019,19,3073A,0,SI 
2019,20,3073A,1,NO
2019,21,3073A,1,NO
2019,22,3073A,0.014,<10
2019,23,3073A,0.986,>40
2019,24,3073A,0.291,56.25
2019,25,3073A,1,NO
2019,26,3073A,1,NO
2019,27,3073A,0,NO
2019,28,3073A,1,SI
2019,29,3073A,1,SI
2019,30,3073A,1,SI
2019,1,3014A,1,NO
2019,2,3014A,1,NO
2019,3,3014A,0,SI
2019,4,3014A,1,NO
2019,5,3014A,0.805,<50
2019,6,3014A,0.02,91
2019,7,3014A,1,NO
2019,8,3014A,0.314,0.69
2019,9,3014A,0.984,70
2019,10,3014A,0.991,0
2019,11,3014A,1,NO 
2019,12,3014A,1,NO 
2019,13,3014A,1,NO 
2019,14,3014A,0.034,190
2019,15,3014A,1,NO 
2019,16,3014A,1,NO 
2019,17,3014A,1,NO 
2019,18,3014A,0,SI
2019,19,3014A,0,SI 
2019,20,3014A,1,NO 
2019,21,3014A,1,NO 
2019,22,3014A,0.014,<10
2019,23,3014A,0.986,>40
2019,24,3014A,0.06,69.36
2019,25,3014A,1,NO
2019,26,3014A,1,NO
2019,27,3014A,0,NO 
2019,28,3014A,1,SI
2019,29,3014A,1,SI
2019,30,3014A,1,SI
2019,1,3075B,1,NO
2019,2,3075B,1,NO
2019,3,3075B,0,SI
2019,4,3075B,1,NO
2019,5,3075B,0.805,<50
2019,6,3075B,0.015,94
2019,7,3075B,1,NO
2019,8,3075B,0.447,0.77
2019,9,3075B,0.989,51
2019,10,3075B,0.991,4
2019,11,3075B,1,NO
2019,12,3075B,1,NO
2019,13,3075B,1,NO
2019,14,3075B,0.034,190
2019,15,3075B,1,NO
2019,16,3075B,1,NO
2019,17,3075B,1,NO
2019,18,3075B,0,SI
2019,19,3075B,1,NO
2019,20,3075B,1,NO
2019,21,3075B,1,NO
2019,22,3075B,0.014,<10
2019,23,3075B,0.986,>40
2019,24,3075B,0.204,59.57
2019,25,3075B,1,NO
2019,26,3075B,1,NO
2019,27,3075B,0,NO
2019,28,3075B,1,SI
2019,29,3075B,1,SI
2019,30,3075B,1,SI
2019,1,3022B,1,NO
2019,2,3022B,1,NO
2019,3,3022B,0,SI
2019,4,3022B,1,NO
2019,5,3022B,0.805,<50
2019,6,3022B,0.028,87
2019,7,3022B,1,NO
2019,8,3022B,0.362,0.72
2019,9,3022B,0.981,78
2019,10,3022B,0.991,3
2019,11,3022B,1,NO
2019,12,3022B,1,NO
2019,13,3022B,1,NO
2019,14,3022B,0.034,190
2019,15,3022B,1,NO
2019,16,3022B,1,NO
2019,17,3022B,1,NO
2019,18,3022B,0,SI
2019,19,3022B,0,SI
2019,20,3022B,1,NO
2019,21,3022B,1,NO
2019,22,3022B,0.014,<10
2019,23,3022B,0.986,>40
2019,24,3022B,0.321,55.23
2019,25,3022B,1,NO
2019,26,3022B,1,NO
2019,27,3022B,0,NO
2019,28,3022B,0,NO
2019,29,3022B,1,SI
2019,30,3022B,1,SI
2019,1,3024A,1,NO
2019,2,3024A,1,NO
2019,3,3024A,1,NO
2019,4,3024A,1,NO
2019,5,3024A,0.805,<50
2019,6,3024A,0.028,87
2019,7,3024A,1,NO
2019,8,3024A,0.362,0.72
2019,9,3024A,0.981,78
2019,10,3024A,0.991,3
2019,11,3024A,1,NO
2019,12,3024A,1,NO
2019,13,3024A,1,NO
2019,14,3024A,0.034,190
2019,15,3024A,1,NO
2019,16,3024A,1,NO
2019,17,3024A,1,NO
2019,18,3024A,0,SI
2019,19,3024A,0,SI
2019,20,3024A,1,NO
2019,21,3024A,1,NO
2019,22,3024A,0.014,<10
2019,23,3024A,0.986,>40
2019,24,3024A,0.099,65.53
2019,25,3024A,1,NO
2019,26,3024A,1,NO
2019,27,3024A,0,NO
2019,28,3024A,0,NO
2019,29,3024A,1,SI
2019,30,3024A,1,SI
2019,1,3023B,1,NO
2019,2,3023B,1,NO
2019,3,3023B,0,SI
2019,4,3023B,1,NO
2019,5,3023B,0.805,<50
2019,6,3023B,0.028,87
2019,7,3023B,1,NO
2019,8,3023B,0.362,0.72
2019,9,3023B,0.981,78
2019,10,3023B,0.991,3
2019,11,3023B,1,NO
2019,12,3023B,1,NO
2019,13,3023B,1,NO
2019,14,3023B,0.034,190
2019,15,3023B,1,NO
2019,16,3023B,1,NO
2019,17,3023B,1,NO
2019,18,3023B,0,SI
2019,19,3023B,0,SI
2019,20,3023B,1,NO
2019,21,3023B,1,NO
2019,22,3023B,0.014,<10
2019,23,3023B,0.986,>40
2019,24,3023B,0.257,57.44
2019,25,3023B,1,NO
2019,26,3023B,1,NO
2019,27,3023B,1,SI
2019,28,3023B,1,SI
2019,29,3023B,0,NO
2019,30,3023B,0,NO
2020,1,2033A,0,SI
2020,2,2033A,1,NO
2020,3,2033A,1,NO
2020,4,2033A,1,NO
2020,5,2033A,0.195,> 50
2020,6,2033A,0.028,87
2020,7,2033A,0,SI
2020,8,2033A,0.465,0.78
2020,9,2033A,0.981,80
2020,10,2033A,0.991,2
2020,11,2033A,1,NO
2020,12,2033A,0,SI
2020,13,2033A,0,SI
2020,14,2033A,0.058,200
2020,15,2033A,1,NO
2020,16,2033A,1,NO
2020,17,2033A,0,SI
2020,18,2033A,1,NO
2020,19,2033A,0,SI
2020,20,2033A,1,NO
2020,21,2033A,0,SI
2020,22,2033A,0.014,0
2020,23,2033A,0.986,> 40
2020,24,2033A,0.005,87
2020,25,2033A,0,SI
2020,26,2033A,0,SI
2020,27,2033A,0,NO
2020,28,2033A,1,SI
2020,29,2033A,0,NO
2020,30,2033A,0,NO
