<?xml version = '1.0' encoding = 'UTF-8'?>
<FKIndexAssociation class="oracle.dbtools.crest.model.design.relational.FKIndexAssociation" directorySegmentName="seg_0" id="132857BF-0611-6E0A-BF86-B6DDD7544240" containerWithKeyObject="DE34F911-2C0D-3CD5-6889-7DA37D7EC53D" localFKIndex="6446F034-503B-EB39-900A-8EE784AE4B7F" name="COMPONENTE_ASADA_FK">
<createdBy>ramir</createdBy>
<createdTime>2018-08-18 04:04:41 UTC</createdTime>
<ownerDesignName>dataModel</ownerDesignName>
<deleteRule>CASCADE</deleteRule>
<referredTableID>48A4F6AA-3D42-46C8-E1A6-18ECEEDAAA07</referredTableID>
<keyObject>12C9A84F-7129-CE5A-CC2D-605119660CB8</keyObject>
<referredKeyID>12C9A84F-7129-CE5A-CC2D-605119660CB8</referredKeyID>
<mandatory>true</mandatory>
<transferable>true</transferable>
<rely>false</rely>
<columnDependencyConstraintGenerateInDDL>true</columnDependencyConstraintGenerateInDDL>
</FKIndexAssociation>