<?xml version = '1.0' encoding = 'UTF-8'?>
<FKIndexAssociation class="oracle.dbtools.crest.model.design.relational.FKIndexAssociation" directorySegmentName="seg_0" id="E396E6B9-C713-FF13-6410-FFAB7786D39C" containerWithKeyObject="9F9F6163-95D9-E25C-2579-9B0FF91467EE" localFKIndex="09369F70-014E-463A-031C-BB0178BF6581" name="Asada_DISTRITO_FK">
<createdBy>ramir</createdBy>
<createdTime>2018-08-19 03:58:27 UTC</createdTime>
<ownerDesignName>dataModel</ownerDesignName>
<deleteRule>NO ACTION</deleteRule>
<referredTableID>509689AA-FCEC-AF8E-053E-24FD90574B88</referredTableID>
<keyObject>D394BA7C-8972-0985-2849-3136C451F766</keyObject>
<referredKeyID>D394BA7C-8972-0985-2849-3136C451F766</referredKeyID>
<mandatory>true</mandatory>
<transferable>true</transferable>
<rely>false</rely>
<columnDependencyConstraintGenerateInDDL>true</columnDependencyConstraintGenerateInDDL>
</FKIndexAssociation>